Time,HA_MISG1,HpA_MISG1,HA_MISG2,HpA_MISG2,HA_MISG3,HpA_MISG3,HA_MISG4,HpA_MISG4,HA_MISG5,HpA_MISG5,HA_MISG6,HpA_MISG6,HA_MISG7,HpA_MISG7,HA_MISG8,HpA_MISG8,HA_MISG9,HpA_MISG9
20.0,20899.4,14210.2,15830.1,14210.2,16115.2,14225.9,16221.8,14270.1,16377.7,19897.4,16525.4,19897.4,16584.7,20266.3,18278.2,20266.3,18985.0,20266.3
40.0,20903.2,14200.7,15822.0,14200.7,16124.8,14215.4,16227.6,14265.5,16377.7,19908.9,16529.2,19908.9,16581.8,20264.5,18278.4,20264.5,18969.2,20264.5
60.0,20904.3,14212.2,15835.7,14212.2,16116.4,14225.9,16224.3,14271.1,16390.3,19900.3,16518.3,19900.3,16574.8,20261.9,18276.1,20261.9,18984.6,20261.9
80.0,20911.4,14211.7,15825.5,14211.7,16095.6,14216.9,16223.9,14270.1,16389.2,19889.0,16519.6,19889.0,16578.1,20254.9,18274.6,20254.9,18988.7,20254.9
100.0,20918.7,14198.3,15828.6,14198.3,16101.1,14210.3,16230.2,14281.4,16377.5,19886.3,16526.9,19886.3,16576.0,20251.2,18273.4,20251.2,18997.4,20251.2
120.0,20911.5,14201.0,15813.0,14201.0,16096.1,14222.8,16203.9,14267.9,16378.8,19884.8,16517.3,19884.8,16579.6,20256.3,18271.4,20256.3,18985.3,20256.3
140.0,20901.4,14199.0,15831.8,14199.0,16089.5,14206.3,16210.5,14271.6,16371.6,19883.3,16508.7,19883.3,16562.4,20262.1,18271.9,20262.1,18981.7,20262.1
160.0,20897.7,14199.8,15829.5,14199.8,16100.5,14212.9,16210.1,14269.4,16371.8,19888.4,16509.7,19888.4,16554.1,20271.8,18269.0,20271.8,18974.8,20271.8
180.0,20916.2,14198.5,15822.0,14198.5,16101.4,14206.1,16210.1,14269.9,16365.5,19880.0,16511.5,19880.0,16572.0,20269.2,18277.0,20269.2,18997.6,20269.2
200.0,20896.0,14205.2,15822.5,14205.2,16085.5,14212.1,16204.2,14271.7,16389.3,19883.5,16517.6,19883.5,16569.6,20271.0,18273.8,20271.0,18997.6,20271.0
220.0,20889.8,14198.8,15832.0,14198.8,16091.2,14215.6,16216.9,14271.1,16377.4,19899.0,16509.7,19899.0,16550.9,20262.4,18271.7,20262.4,18983.4,20262.4
240.0,20913.0,14190.3,15830.3,14190.3,16092.8,14210.5,16208.6,14260.9,16374.4,19890.1,16501.7,19890.1,16566.8,20258.1,18269.1,20258.1,18972.0,20258.1
260.0,20909.6,14183.6,15844.1,14183.6,16092.2,14208.8,16217.5,14266.2,16368.0,19887.1,16518.5,19887.1,16565.3,20259.2,18266.5,20259.2,18993.9,20259.2
280.0,20898.0,14193.8,15819.5,14193.8,16087.2,14213.9,16211.8,14273.2,16364.2,19890.4,16502.5,19890.4,16554.4,20271.0,18284.0,20271.0,18973.9,20271.0
300.0,20899.2,14201.5,15831.9,14201.5,16095.0,14204.3,16212.6,14263.7,16369.4,19879.5,16515.6,19879.5,16551.7,20258.6,18244.8,20258.6,18969.8,20258.6
320.0,20907.6,14199.9,15828.3,14199.9,16074.9,14206.7,16220.8,14270.7,16369.8,19884.3,16516.4,19884.3,16549.1,20276.9,18272.4,20276.9,18968.2,20276.9
340.0,20899.7,14204.2,15815.1,14204.2,16078.0,14204.5,16225.3,14261.8,16372.0,19874.4,16490.9,19874.4,16543.3,20263.1,18261.5,20263.1,18967.9,20263.1
360.0,20889.3,14184.5,15825.0,14184.5,16073.7,14208.7,16202.3,14265.2,16361.7,19875.7,16489.1,19875.7,16544.2,20262.3,18245.0,20262.3,18963.3,20262.3
380.0,20889.3,14198.4,15834.1,14198.4,16076.8,14208.2,16213.7,14257.7,16366.9,19874.4,16484.4,19874.4,16552.2,20275.2,18241.5,20275.2,18967.0,20275.2
400.0,20887.8,14189.4,15828.7,14189.4,16062.8,14204.3,16207.0,14269.2,16364.7,19865.9,16485.9,19865.9,16545.8,20246.7,18255.4,20246.7,18967.7,20246.7
420.0,20916.1,14188.7,15839.2,14188.7,16077.0,14200.1,16205.7,14254.1,16367.0,19865.3,16482.8,19865.3,16541.2,20254.8,18256.0,20254.8,18957.6,20254.8
440.0,20896.6,14190.2,15830.3,14190.2,16062.6,14194.5,16196.7,14253.2,16358.8,19868.4,16491.6,19868.4,16527.1,20270.6,18247.3,20270.6,18963.4,20270.6
460.0,20899.6,14185.6,15829.1,14185.6,16074.4,14192.5,16181.4,14266.6,16347.3,19863.3,16494.4,19863.3,16533.4,20264.9,18255.5,20264.9,18975.9,20264.9
480.0,20905.0,14184.2,15839.4,14184.2,16070.4,14196.6,16198.9,14254.9,16368.0,19864.0,16502.2,19864.0,16531.1,20271.3,18260.3,20271.3,18974.0,20271.3
500.0,20907.2,14191.5,15819.7,14191.5,16069.4,14192.1,16190.1,14259.3,16358.9,19870.8,16491.3,19870.8,16530.4,20265.7,18254.8,20265.7,18953.5,20265.7
520.0,20905.2,14181.4,15816.6,14181.4,16060.5,14194.8,16189.2,14259.8,16357.4,19849.3,16496.0,19849.3,16535.2,20274.3,18247.1,20274.3,18949.0,20274.3
540.0,20894.6,14194.7,15818.4,14194.7,16068.2,14191.3,16198.6,14257.1,16370.0,19854.0,16486.5,19854.0,16547.7,20275.7,18237.8,20275.7,18945.6,20275.7
560.0,20895.8,14191.6,15815.5,14191.6,16074.9,14192.5,16190.3,14253.4,16379.1,19850.3,16493.7,19850.3,16542.2,20266.1,18261.7,20266.1,18958.7,20266.1
580.0,20895.7,14195.5,15823.3,14195.5,16081.0,14188.5,16199.7,14257.1,16362.6,19836.8,16497.1,19836.8,16524.1,20262.2,18235.5,20262.2,18968.4,20262.2
600.0,20916.3,14184.4,15807.3,14184.4,16079.7,14189.7,16184.1,14261.4,16352.7,19856.3,16486.3,19856.3,16530.7,20288.8,18247.4,20288.8,18970.8,20288.8
620.0,20892.0,14184.4,15804.3,14184.4,16077.6,14190.2,16187.6,14247.1,16376.5,19849.8,16486.2,19849.8,16506.1,20260.8,18226.6,20260.8,18971.5,20260.8
640.0,20901.9,14185.9,15814.0,14185.9,16058.1,14188.3,16199.8,14252.6,16371.1,19850.3,16474.7,19850.3,16513.7,20250.1,18237.4,20250.1,18968.5,20250.1
660.0,20917.9,14191.6,15809.3,14191.6,16069.9,14187.4,16191.6,14246.0,16357.2,19851.8,16473.8,19851.8,16516.7,20256.9,18238.1,20256.9,18967.2,20256.9
680.0,20911.1,14183.9,15809.4,14183.9,16065.3,14186.3,16197.7,14251.8,16371.6,19845.4,16479.3,19845.4,16525.3,20249.4,18240.6,20249.4,18961.1,20249.4
700.0,20898.9,14191.2,15810.3,14191.2,16066.1,14179.7,16192.2,14242.0,16373.5,19841.1,16478.9,19841.1,16516.0,20280.8,18245.0,20280.8,18959.0,20280.8
720.0,20901.1,14195.0,15816.4,14195.0,16056.4,14176.1,16193.3,14252.6,16358.8,19850.2,16486.1,19850.2,16530.3,20264.0,18240.7,20264.0,18957.9,20264.0
740.0,20899.9,14186.8,15821.3,14186.8,16073.1,14184.0,16192.1,14244.5,16363.2,19841.0,16478.8,19841.0,16522.8,20278.9,18246.1,20278.9,18952.1,20278.9
760.0,20889.7,14175.6,15818.7,14175.6,16075.2,14181.0,16194.4,14246.4,16356.9,19857.2,16478.7,19857.2,16519.7,20274.9,18248.8,20274.9,18961.0,20274.9
780.0,20898.8,14183.0,15821.8,14183.0,16057.2,14170.9,16193.5,14253.9,16346.8,19836.0,16495.4,19836.0,16502.3,20246.7,18244.2,20246.7,18951.9,20246.7
800.0,20898.5,14189.3,15808.9,14189.3,16070.4,14177.4,16189.5,14247.0,16366.6,19848.5,16488.6,19848.5,16510.6,20252.8,18243.8,20252.8,18964.1,20252.8
820.0,20939.8,14186.2,15809.1,14186.2,16052.5,14174.6,16186.7,14245.2,16361.1,19834.1,16471.9,19834.1,16503.7,20260.7,18231.7,20260.7,18948.7,20260.7
840.0,20928.1,14195.8,15811.8,14195.8,16061.4,14173.5,16184.9,14246.1,16342.6,19838.8,16482.6,19838.8,16504.9,20241.0,18231.3,20241.0,18943.7,20241.0
860.0,20917.4,14189.6,15807.9,14189.6,16058.0,14165.6,16183.2,14248.2,16345.8,19853.9,16483.3,19853.9,16502.2,20252.8,18247.4,20252.8,18954.0,20252.8
880.0,20927.9,14185.9,15805.1,14185.9,16062.2,14187.8,16185.9,14243.7,16353.4,19830.2,16470.2,19830.2,16508.3,20257.7,18240.8,20257.7,18947.7,20257.7
900.0,20931.6,14194.4,15795.3,14194.4,16056.9,14165.0,16188.8,14257.2,16346.4,19832.0,16488.9,19832.0,16512.3,20270.3,18220.3,20270.3,18934.3,20270.3
920.0,20919.5,14188.7,15804.3,14188.7,16056.3,14173.8,16181.4,14247.1,16346.3,19842.1,16465.5,19842.1,16519.8,20259.8,18227.3,20259.8,18942.6,20259.8
940.0,20925.9,14188.7,15819.1,14188.7,16062.4,14174.8,16185.6,14243.7,16350.1,19856.3,16476.7,19856.3,16514.8,20269.6,18231.4,20269.6,18949.5,20269.6
960.0,20922.3,14186.7,15813.8,14186.7,16062.9,14171.7,16165.8,14244.8,16352.3,19829.9,16462.7,19829.9,16513.3,20253.4,18228.7,20253.4,18951.4,20253.4
980.0,20911.5,14185.8,15818.2,14185.8,16058.2,14169.5,16168.5,14245.7,16355.1,19817.3,16459.0,19817.3,16504.4,20265.2,18222.0,20265.2,18950.3,20265.2
1000.0,20922.9,14178.8,15796.6,14178.8,16057.6,14171.1,16175.2,14246.8,16352.1,19824.7,16470.2,19824.7,16496.8,20254.8,18222.0,20254.8,18942.6,20254.8
1020.0,20934.4,14182.5,15782.9,14182.5,16064.9,14168.8,16183.1,14249.2,16348.5,19829.3,16471.8,19829.3,16519.3,20254.8,18223.9,20254.8,18952.7,20254.8
1040.0,20913.9,14178.6,15806.4,14178.6,16041.5,14171.3,16175.0,14239.5,16353.6,19834.2,16472.4,19834.2,16496.9,20259.3,18245.2,20259.3,18947.6,20259.3
1060.0,20911.7,14182.7,15809.2,14182.7,16050.6,14166.9,16162.8,14240.5,16339.6,19830.3,16469.6,19830.3,16506.2,20235.3,18228.1,20235.3,18939.3,20235.3
1080.0,20903.3,14177.5,15804.8,14177.5,16047.0,14167.3,16173.5,14240.5,16343.8,19822.3,16464.7,19822.3,16519.3,20249.3,18224.7,20249.3,18949.6,20249.3
1100.0,20916.9,14179.6,15800.7,14179.6,16059.8,14173.4,16166.3,14231.4,16353.1,19812.2,16458.7,19812.2,16500.1,20237.8,18213.7,20237.8,18931.7,20237.8
1120.0,20903.7,14176.0,15796.6,14176.0,16059.1,14159.7,16157.9,14227.8,16360.2,19830.0,16469.2,19830.0,16521.9,20248.1,18210.1,20248.1,18940.5,20248.1
1140.0,20918.0,14171.7,15803.6,14171.7,16052.0,14160.0,16159.5,14236.3,16343.3,19810.3,16455.8,19810.3,16515.8,20238.8,18211.4,20238.8,18937.1,20238.8
1160.0,20902.5,14176.2,15804.9,14176.2,16050.1,14161.0,16150.1,14233.7,16349.5,19811.4,16466.2,19811.4,16514.3,20247.1,18203.1,20247.1,18935.3,20247.1
1180.0,20891.1,14177.5,15810.1,14177.5,16063.2,14155.6,16154.6,14234.2,16345.6,19806.5,16450.3,19806.5,16516.4,20260.5,18210.6,20260.5,18932.3,20260.5
1200.0,20909.9,14171.3,15798.3,14171.3,16038.6,14159.0,16163.8,14231.2,16349.4,19799.4,16447.9,19799.4,16519.5,20254.0,18198.7,20254.0,18938.4,20254.0
1220.0,21105.6,14194.9,15962.3,14194.9,16264.6,14185.1,16365.8,14265.5,16521.4,19862.4,16612.2,19862.4,16663.1,20287.0,18337.4,20287.0,19051.2,20287.0
1240.0,21292.5,14267.6,16214.7,14267.6,16505.8,14261.2,16675.8,14323.9,16742.7,19957.0,16892.8,19957.0,16937.0,20356.9,18537.0,20356.9,19205.1,20356.9
1260.0,21362.3,14288.7,16298.0,14288.7,16652.4,14283.0,16777.9,14361.6,16842.1,19986.0,16982.1,19986.0,17042.7,20400.1,18625.8,20400.1,19264.0,20400.1
1280.0,21399.9,14328.3,16366.8,14328.3,16710.8,14291.8,16853.9,14369.2,16929.9,20004.9,17048.7,20004.9,17095.1,20415.9,18686.2,20415.9,19304.1,20415.9
1300.0,21473.5,14343.8,16421.7,14343.8,16781.7,14306.5,16938.0,14382.8,16980.5,20029.1,17091.5,20029.1,17161.4,20440.0,18731.7,20440.0,19359.1,20440.0
1320.0,21489.8,14356.0,16480.9,14356.0,16835.2,14335.4,16984.5,14398.6,17004.1,20050.9,17124.0,20050.9,17153.3,20436.8,18765.2,20436.8,19362.2,20436.8
1340.0,21565.1,14360.5,16493.6,14360.5,16841.4,14333.8,17021.7,14403.7,17048.3,20059.9,17157.2,20059.9,17194.8,20445.3,18814.7,20445.3,19390.7,20445.3
1360.0,21588.0,14347.8,16546.8,14347.8,16890.7,14337.0,17077.7,14405.9,17051.9,20053.1,17184.4,20053.1,17231.8,20430.8,18834.9,20430.8,19398.4,20430.8
1380.0,21600.3,14360.3,16556.6,14360.3,16912.9,14340.2,17114.3,14417.9,17073.7,20058.7,17220.1,20058.7,17262.5,20446.8,18856.3,20446.8,19421.2,20446.8
1400.0,21642.0,14376.8,16604.0,14376.8,16950.5,14362.6,17122.8,14416.6,17114.9,20069.9,17241.3,20069.9,17281.3,20469.6,18875.3,20469.6,19448.0,20469.6
1420.0,21655.4,14362.4,16608.4,14362.4,16978.2,14364.2,17152.4,14423.2,17135.9,20083.3,17272.9,20083.3,17315.9,20442.6,18896.8,20442.6,19437.8,20442.6
1440.0,21635.8,14372.8,16635.0,14372.8,16992.5,14368.1,17160.4,14415.7,17165.9,20078.4,17276.1,20078.4,17325.2,20463.4,18929.2,20463.4,19427.6,20463.4
1460.0,21671.3,14373.7,16664.4,14373.7,17002.5,14373.3,17175.9,14426.5,17173.5,20097.3,17284.2,20097.3,17340.2,20465.4,18934.8,20465.4,19457.0,20465.4
1480.0,21696.0,14382.0,16679.5,14382.0,17042.4,14367.7,17194.3,14414.8,17153.8,20093.4,17298.5,20093.4,17354.0,20476.6,18935.4,20476.6,19444.1,20476.6
1500.0,21692.4,14383.6,16689.8,14383.6,17065.4,14372.5,17212.8,14420.8,17207.8,20104.2,17314.4,20104.2,17382.5,20479.2,18944.9,20479.2,19465.7,20479.2
1520.0,21707.3,14387.8,16707.3,14387.8,17046.2,14379.1,17231.5,14419.0,17209.3,20079.8,17324.1,20079.8,17389.1,20478.9,18958.7,20478.9,19473.8,20478.9
1540.0,21716.0,14377.4,16744.3,14377.4,17109.8,14387.0,17240.0,14423.8,17218.1,20092.2,17341.6,20092.2,17400.0,20486.0,18980.9,20486.0,19490.6,20486.0
1560.0,21724.5,14383.9,16714.3,14383.9,17082.2,14381.1,17250.0,14432.3,17240.9,20092.3,17360.5,20092.3,17399.4,20497.5,19006.4,20497.5,19506.5,20497.5
1580.0,21742.3,14399.2,16720.6,14399.2,17107.6,14393.0,17279.0,14432.3,17238.2,20090.3,17363.7,20090.3,17421.4,20492.9,18987.4,20492.9,19500.8,20492.9
1600.0,21765.0,14393.5,16758.7,14393.5,17111.6,14393.2,17292.8,14431.5,17253.1,20107.6,17374.3,20107.6,17406.6,20506.6,19009.5,20506.6,19532.3,20506.6
1620.0,21783.9,14397.3,16760.2,14397.3,17116.6,14397.7,17294.0,14431.5,17267.7,20105.4,17395.7,20105.4,17448.6,20517.9,19013.0,20517.9,19533.1,20517.9
1640.0,21787.6,14400.1,16781.4,14400.1,17157.2,14396.8,17321.1,14444.1,17282.9,20107.0,17375.4,20107.0,17449.0,20503.7,19013.3,20503.7,19517.1,20503.7
1660.0,21800.7,14404.5,16804.6,14404.5,17164.8,14408.9,17322.1,14432.0,17292.7,20121.7,17407.4,20121.7,17479.2,20513.1,19035.9,20513.1,19557.5,20513.1
1680.0,21777.7,14397.2,16832.3,14397.2,17189.0,14415.2,17334.6,14459.9,17297.7,20112.4,17390.0,20112.4,17489.8,20507.1,19077.4,20507.1,19549.7,20507.1
1700.0,21826.1,14399.2,16824.9,14399.2,17197.9,14422.4,17328.3,14459.3,17304.8,20109.5,17415.7,20109.5,17488.2,20518.5,19058.1,20518.5,19571.6,20518.5
1720.0,21829.1,14409.3,16840.4,14409.3,17194.0,14424.7,17319.9,14466.8,17297.0,20108.5,17413.5,20108.5,17495.8,20528.8,19074.1,20528.8,19580.8,20528.8
1740.0,21853.5,14403.2,16844.9,14403.2,17203.3,14411.7,17347.5,14472.8,17325.4,20108.7,17431.4,20108.7,17491.8,20543.0,19130.0,20543.0,19580.3,20543.0
1760.0,21820.0,14416.7,16876.7,14416.7,17217.9,14416.4,17369.6,14478.2,17350.1,20129.6,17416.9,20129.6,17489.0,20546.1,19068.1,20546.1,19601.0,20546.1
1780.0,21852.5,14420.0,16868.5,14420.0,17236.8,14420.7,17376.0,14481.6,17328.7,20121.8,17439.7,20121.8,17468.4,20527.3,19096.6,20527.3,19599.0,20527.3
1800.0,21880.8,14418.0,16888.1,14418.0,17258.1,14431.9,17387.0,14486.9,17331.6,20136.5,17414.6,20136.5,17515.5,20541.2,19087.1,20541.2,19603.2,20541.2
1820.0,21863.4,14404.5,16895.1,14404.5,17269.9,14423.1,17386.1,14471.7,17349.5,20122.8,17432.9,20122.8,17508.6,20528.4,19097.5,20528.4,19583.9,20528.4
1840.0,21916.7,14418.4,16920.5,14418.4,17270.2,14412.7,17400.8,14479.3,17354.2,20126.7,17442.4,20126.7,17511.9,20536.3,19113.8,20536.3,19604.4,20536.3
1860.0,21907.0,14416.9,16920.5,14416.9,17304.6,14431.9,17417.2,14470.4,17360.0,20140.2,17439.8,20140.2,17524.5,20532.7,19109.3,20532.7,19602.1,20532.7
1880.0,21912.1,14419.7,16937.6,14419.7,17295.8,14426.6,17422.3,14481.9,17375.3,20150.4,17476.6,20150.4,17531.8,20549.7,19163.6,20549.7,19639.2,20549.7
1900.0,21926.4,14421.6,16951.5,14421.6,17326.5,14435.1,17435.3,14476.6,17367.7,20128.7,17466.7,20128.7,17548.0,20539.6,19152.6,20539.6,19631.9,20539.6
1920.0,21948.8,14423.4,16956.1,14423.4,17310.4,14431.4,17454.6,14476.1,17395.9,20142.1,17483.0,20142.1,17553.6,20550.2,19150.0,20550.2,19650.8,20550.2
1940.0,21967.3,14431.9,16975.1,14431.9,17323.2,14437.0,17451.9,14479.0,17391.7,20128.6,17487.2,20128.6,17544.6,20550.5,19154.5,20550.5,19644.6,20550.5
1960.0,21962.2,14428.0,17006.9,14428.0,17358.5,14430.9,17474.0,14484.4,17407.1,20136.3,17499.1,20136.3,17551.8,20573.2,19162.7,20573.2,19648.7,20573.2
1980.0,21967.2,14434.6,16977.7,14434.6,17359.0,14443.3,17470.8,14488.0,17414.6,20147.7,17499.0,20147.7,17556.2,20554.1,19191.8,20554.1,19677.9,20554.1
2000.0,21985.9,14426.1,16992.4,14426.1,17385.4,14432.7,17479.8,14483.1,17420.8,20132.6,17518.3,20132.6,17560.0,20553.8,19190.3,20553.8,19683.0,20553.8
2020.0,21985.9,14439.4,17011.1,14439.4,17360.2,14455.2,17483.1,14486.1,17400.6,20134.2,17516.9,20134.2,17583.8,20562.0,19205.6,20562.0,19685.3,20562.0
2040.0,21989.9,14426.3,17012.6,14426.3,17396.8,14448.2,17507.2,14486.8,17435.6,20170.1,17532.7,20170.1,17585.4,20572.4,19223.0,20572.4,19693.5,20572.4
2060.0,22000.8,14436.4,17016.9,14436.4,17395.4,14442.7,17502.2,14494.6,17416.3,20160.0,17535.6,20160.0,17595.9,20575.3,19209.5,20575.3,19706.7,20575.3
2080.0,22003.0,14442.9,17036.1,14442.9,17394.0,14460.2,17504.1,14500.0,17424.9,20149.5,17555.2,20149.5,17609.2,20578.8,19213.8,20578.8,19694.6,20578.8
2100.0,22000.8,14449.1,17058.7,14449.1,17407.1,14454.3,17517.9,14487.4,17444.3,20147.9,17551.5,20147.9,17624.5,20590.8,19232.3,20590.8,19721.6,20590.8
2120.0,22019.2,14439.3,17058.9,14439.3,17409.3,14449.6,17495.6,14496.0,17438.7,20157.8,17560.8,20157.8,17623.8,20609.1,19232.1,20609.1,19726.7,20609.1
2140.0,22031.1,14443.5,17072.5,14443.5,17415.2,14457.1,17509.3,14485.9,17461.3,20152.4,17562.9,20152.4,17617.4,20593.7,19232.1,20593.7,19750.8,20593.7
2160.0,22022.9,14439.4,17090.4,14439.4,17406.2,14452.9,17527.6,14497.4,17477.9,20163.8,17566.0,20163.8,17631.9,20586.6,19267.1,20586.6,19746.6,20586.6
2180.0,22025.9,14445.1,17091.8,14445.1,17447.1,14461.8,17542.1,14492.3,17483.4,20191.1,17573.1,20191.1,17629.5,20592.8,19293.6,20592.8,19764.9,20592.8
2200.0,22043.3,14438.4,17105.2,14438.4,17460.1,14461.1,17563.3,14470.9,17476.8,20167.9,17580.2,20167.9,17639.7,20597.9,19296.8,20597.9,19745.7,20597.9
2220.0,22055.5,14447.6,17119.1,14447.6,17447.9,14456.0,17557.1,14495.8,17471.8,20172.1,17593.5,20172.1,17652.5,20592.1,19304.4,20592.1,19745.3,20592.1
2240.0,22044.7,14446.3,17125.4,14446.3,17469.7,14461.5,17557.5,14504.2,17485.6,20181.6,17607.4,20181.6,17681.2,20587.7,19294.0,20587.7,19774.9,20587.7
2260.0,22058.0,14449.4,17126.4,14449.4,17455.5,14464.0,17562.4,14507.5,17485.1,20198.9,17627.4,20198.9,17675.4,20606.7,19345.2,20606.7,19775.2,20606.7
2280.0,22077.9,14465.8,17127.0,14465.8,17482.8,14472.2,17572.3,14506.9,17490.5,20183.9,17631.2,20183.9,17665.0,20597.7,19316.1,20597.7,19779.5,20597.7
2300.0,22085.8,14460.2,17164.2,14460.2,17484.2,14466.9,17569.6,14508.4,17528.1,20164.4,17617.4,20164.4,17660.2,20603.1,19298.2,20603.1,19791.4,20603.1
2320.0,22090.4,14457.0,17151.5,14457.0,17470.6,14472.8,17620.3,14507.1,17521.2,20175.7,17618.4,20175.7,17685.0,20606.4,19319.4,20606.4,19792.5,20606.4
2340.0,22092.1,14466.7,17150.6,14466.7,17504.5,14473.5,17569.8,14500.1,17564.1,20190.2,17621.9,20190.2,17663.1,20608.6,19303.5,20608.6,19800.8,20608.6
2360.0,22125.1,14468.0,17160.4,14468.0,17481.3,14474.4,17581.1,14523.9,17530.1,20203.0,17622.7,20203.0,17688.1,20627.3,19325.4,20627.3,19812.8,20627.3
2380.0,22118.7,14458.5,17188.7,14458.5,17494.0,14474.6,17603.8,14509.9,17537.7,20169.3,17637.9,20169.3,17691.3,20616.6,19345.3,20616.6,19792.2,20616.6
2400.0,22121.1,14469.3,17173.1,14469.3,17505.3,14477.6,17608.0,14523.4,17533.8,20172.9,17664.6,20172.9,17687.6,20596.4,19334.9,20596.4,19831.3,20596.4
2420.0,21921.3,14426.0,16971.1,14426.0,17247.8,14430.3,17342.8,14481.5,17326.7,20141.2,17429.7,20141.2,17494.6,20553.8,19223.2,20553.8,19717.1,20553.8
2440.0,21702.7,14370.2,16686.0,14370.2,16914.4,14379.5,17010.2,14411.4,17066.9,20064.4,17138.5,20064.4,17226.9,20489.9,18976.3,20489.9,19506.5,20489.9
2460.0,21607.0,14342.3,16559.5,14342.3,16804.8,14379.5,16901.6,14391.6,16947.8,20042.5,17031.5,20042.5,17113.4,20474.2,18889.8,20474.2,19443.3,20474.2
2480.0,21525.1,14338.2,16495.1,14338.2,16736.2,14345.2,16831.7,14394.4,16899.2,20054.9,16984.5,20054.9,17054.6,20459.3,18861.5,20459.3,19384.4,20459.3
2500.0,21500.2,14325.8,16441.2,14325.8,16682.9,14323.2,16777.0,14377.3,16872.6,20032.3,16927.3,20032.3,17015.8,20443.8,18806.5,20443.8,19349.6,20443.8
2520.0,21451.9,14315.9,16414.1,14315.9,16638.1,14321.4,16736.2,14365.8,16823.8,20012.4,16887.5,20012.4,17015.8,20432.5,18814.5,20432.5,19339.0,20432.5
2540.0,21419.0,14315.6,16400.8,14315.6,16620.5,14320.3,16718.4,14370.4,16804.0,20005.7,16869.1,20005.7,16959.6,20437.8,18794.8,20437.8,19302.0,20437.8
2560.0,21392.9,14309.4,16373.3,14309.4,16576.5,14310.6,16718.4,14357.5,16789.8,20007.2,16864.3,20007.2,16928.0,20409.6,18771.1,20409.6,19298.1,20409.6
2580.0,21369.5,14309.9,16340.4,14309.9,16557.3,14312.2,16678.6,14355.1,16754.6,19989.9,16853.0,19989.9,16903.7,20424.5,18751.5,20424.5,19298.6,20424.5
2600.0,21359.0,14297.1,16333.6,14297.1,16531.9,14332.3,16665.3,14362.0,16739.9,19986.5,16832.4,19986.5,16890.0,20413.9,18736.7,20413.9,19287.2,20413.9
2620.0,21337.2,14306.4,16321.5,14306.4,16536.4,14317.0,16662.9,14348.3,16729.8,19987.1,16818.7,19987.1,16884.7,20437.5,18725.7,20437.5,19273.6,20437.5
2640.0,21328.7,14292.4,16293.8,14292.4,16520.3,14302.4,16625.1,14352.5,16700.4,19980.7,16803.3,19980.7,16862.3,20416.4,18729.3,20416.4,19256.7,20416.4
2660.0,21334.6,14292.1,16293.0,14292.1,16506.6,14301.3,16631.0,14351.0,16705.9,19961.9,16793.3,19961.9,16856.1,20415.7,18740.0,20415.7,19245.0,20415.7
2680.0,21303.6,14292.7,16274.0,14292.7,16488.0,14300.7,16615.7,14333.9,16706.7,19957.1,16794.4,19957.1,16842.5,20415.3,18713.7,20415.3,19263.6,20415.3
2700.0,21293.6,14290.7,16272.4,14290.7,16479.2,14294.5,16592.9,14329.2,16677.9,19969.9,16779.8,19969.9,16823.5,20390.1,18699.5,20390.1,19256.7,20390.1
2720.0,21297.5,14281.1,16287.6,14281.1,16474.0,14290.7,16582.5,14339.4,16690.3,19953.4,16773.6,19953.4,16825.9,20381.8,18697.6,20381.8,19250.1,20381.8
2740.0,21284.8,14290.8,16259.6,14290.8,16470.1,14298.4,16581.4,14333.0,16658.4,19949.8,16759.4,19949.8,16813.7,20388.1,18666.7,20388.1,19234.3,20388.1
2760.0,21277.7,14290.0,16258.5,14290.0,16458.1,14299.2,16575.1,14327.2,16657.6,19947.0,16742.2,19947.0,16810.8,20397.0,18673.0,20397.0,19237.2,20397.0
2780.0,21271.8,14290.1,16250.7,14290.1,16439.6,14293.2,16561.4,14330.4,16656.9,19947.0,16734.2,19947.0,16815.0,20404.1,18666.8,20404.1,19218.5,20404.1
2800.0,21254.2,14279.4,16243.2,14279.4,16447.7,14291.2,16557.4,14324.9,16652.3,19930.6,16725.9,19930.6,16788.0,20392.6,18670.0,20392.6,19226.4,20392.6
2820.0,21261.1,14274.5,16242.3,14274.5,16438.0,14276.1,16562.0,14303.1,16652.1,19941.5,16731.9,19941.5,16796.3,20391.8,18646.4,20391.8,19217.9,20391.8
2840.0,21245.7,14275.2,16229.1,14275.2,16407.7,14286.7,16532.6,14315.4,16641.6,19935.4,16720.7,19935.4,16793.5,20378.8,18660.3,20378.8,19215.8,20378.8
2860.0,21268.9,14276.0,16238.8,14276.0,16420.6,14281.1,16539.0,14317.4,16617.0,19941.8,16724.6,19941.8,16784.9,20372.5,18649.4,20372.5,19195.1,20372.5
2880.0,21247.3,14275.3,16209.7,14275.3,16406.6,14286.1,16526.0,14313.1,16609.2,19934.0,16720.7,19934.0,16767.9,20380.6,18635.5,20380.6,19210.3,20380.6
2900.0,21249.9,14274.0,16219.0,14274.0,16406.5,14289.2,16530.4,14307.7,16620.8,19933.6,16722.6,19933.6,16778.3,20376.0,18632.2,20376.0,19204.3,20376.0
2920.0,21232.4,14270.2,16214.8,14270.2,16385.5,14280.4,16521.6,14320.4,16618.6,19927.7,16718.4,19927.7,16762.1,20364.7,18634.4,20364.7,19204.3,20364.7
2940.0,21229.5,14264.2,16200.4,14264.2,16395.4,14282.8,16500.0,14311.6,16599.4,19921.6,16720.2,19921.6,16756.3,20363.3,18631.4,20363.3,19181.0,20363.3
2960.0,21227.9,14262.4,16198.2,14262.4,16389.8,14282.1,16502.5,14303.8,16602.6,19911.6,16695.1,19911.6,16757.1,20360.7,18635.6,20360.7,19178.1,20360.7
2980.0,21226.1,14264.8,16195.4,14264.8,16387.7,14280.0,16487.9,14305.1,16603.2,19912.0,16703.4,19912.0,16749.5,20366.5,18622.3,20366.5,19188.7,20366.5
3000.0,21215.4,14268.2,16190.0,14268.2,16383.0,14285.6,16487.8,14314.5,16606.8,19928.8,16697.5,19928.8,16777.2,20364.1,18609.4,20364.1,19170.8,20364.1
3020.0,21218.8,14250.3,16182.0,14250.3,16381.9,14285.2,16494.1,14308.0,16600.1,19922.8,16697.3,19922.8,16744.7,20354.8,18608.6,20354.8,19178.8,20354.8
3040.0,21221.7,14254.8,16170.1,14254.8,16386.6,14290.9,16488.1,14292.0,16595.6,19917.3,16694.3,19917.3,16743.9,20361.0,18607.4,20361.0,19175.2,20361.0
3060.0,21220.5,14256.5,16172.6,14256.5,16366.8,14274.9,16486.5,14304.1,16597.0,19906.6,16682.6,19906.6,16748.3,20358.5,18609.3,20358.5,19174.0,20358.5
3080.0,21216.2,14253.0,16157.8,14253.0,16364.0,14277.1,16471.7,14300.7,16585.0,19896.5,16677.4,19896.5,16730.4,20354.0,18601.7,20354.0,19171.9,20354.0
3100.0,21190.5,14250.9,16173.0,14250.9,16365.0,14282.1,16462.7,14297.7,16590.1,19902.4,16658.8,19902.4,16750.0,20353.1,18615.1,20353.1,19176.1,20353.1
3120.0,21194.3,14242.4,16171.0,14242.4,16358.0,14278.1,16457.2,14296.5,16579.8,19887.7,16678.6,19887.7,16742.5,20354.8,18604.3,20354.8,19175.3,20354.8
3140.0,21201.5,14253.1,16165.8,14253.1,16359.7,14287.5,16453.0,14284.8,16574.5,19894.1,16663.3,19894.1,16717.4,20347.5,18599.9,20347.5,19165.8,20347.5
3160.0,21191.5,14262.5,16162.9,14262.5,16341.3,14275.2,16444.0,14298.4,16580.4,19901.2,16663.9,19901.2,16717.7,20356.5,18585.1,20356.5,19159.3,20356.5
3180.0,21206.7,14252.6,16179.9,14252.6,16360.5,14269.0,16456.7,14283.8,16584.3,19900.4,16645.4,19900.4,16698.0,20338.5,18585.0,20338.5,19183.6,20338.5
3200.0,21201.7,14248.8,16159.2,14248.8,16349.1,14267.1,16450.6,14283.0,16587.0,19880.4,16649.7,19880.4,16693.8,20350.6,18615.6,20350.6,19174.7,20350.6
3220.0,21213.2,14253.1,16162.7,14253.1,16336.8,14268.1,16438.6,14285.3,16583.4,19888.7,16654.1,19888.7,16713.4,20360.4,18590.0,20360.4,19159.6,20360.4
3240.0,21193.3,14246.5,16149.9,14246.5,16337.9,14261.6,16443.9,14292.6,16585.7,19885.4,16652.3,19885.4,16683.9,20363.7,18588.6,20363.7,19162.9,20363.7
3260.0,21182.2,14240.5,16141.1,14240.5,16336.8,14269.9,16437.9,14282.0,16558.2,19861.6,16651.2,19861.6,16681.0,20336.3,18576.4,20336.3,19138.5,20336.3
3280.0,21221.2,14241.5,16128.9,14241.5,16343.5,14272.2,16432.9,14288.3,16584.1,19874.0,16630.4,19874.0,16681.0,20357.7,18574.4,20357.7,19146.5,20357.7
3300.0,21187.1,14242.2,16148.8,14242.2,16327.9,14268.8,16420.6,14290.0,16584.2,19883.2,16631.5,19883.2,16689.0,20357.4,18578.7,20357.4,19138.1,20357.4
3320.0,21179.6,14233.5,16155.9,14233.5,16302.6,14265.7,16415.2,14283.4,16564.9,19862.4,16638.0,19862.4,16689.3,20356.2,18590.2,20356.2,19143.1,20356.2
3340.0,21190.9,14233.5,16145.8,14233.5,16315.6,14266.0,16426.5,14275.7,16579.1,19868.4,16627.0,19868.4,16682.6,20355.5,18593.0,20355.5,19146.3,20355.5
3360.0,21184.5,14227.1,16154.7,14227.1,16313.6,14265.1,16407.7,14282.1,16558.0,19871.4,16622.5,19871.4,16674.4,20363.7,18574.8,20363.7,19137.3,20363.7
3380.0,21172.5,14231.2,16144.1,14231.2,16329.1,14257.6,16428.6,14275.3,16561.6,19860.6,16635.7,19860.6,16683.6,20349.5,18572.5,20349.5,19141.3,20349.5
3400.0,21169.4,14229.2,16120.2,14229.2,16319.0,14262.8,16427.2,14275.0,16567.0,19865.0,16625.4,19865.0,16669.5,20367.3,18564.8,20367.3,19132.8,20367.3
3420.0,21171.5,14239.6,16147.7,14239.6,16314.0,14267.2,16408.9,14276.8,16581.5,19878.2,16622.1,19878.2,16671.0,20353.3,18586.4,20353.3,19127.0,20353.3
3440.0,21164.4,14226.9,16138.2,14226.9,16308.4,14268.0,16417.0,14282.9,16560.8,19877.6,16626.3,19877.6,16667.6,20339.6,18573.3,20339.6,19126.1,20339.6
3460.0,21163.7,14229.0,16126.6,14229.0,16305.1,14260.4,16408.2,14280.3,16567.4,19870.1,16615.5,19870.1,16659.1,20349.2,18578.7,20349.2,19134.5,20349.2
3480.0,21166.7,14229.3,16156.7,14229.3,16318.1,14259.8,16415.4,14269.5,16558.1,19870.4,16617.6,19870.4,16659.2,20364.1,18571.0,20364.1,19144.2,20364.1
3500.0,21176.1,14211.0,16132.4,14211.0,16291.4,14260.2,16400.3,14271.4,16542.5,19874.4,16606.5,19874.4,16660.2,20344.0,18559.8,20344.0,19121.1,20344.0
3520.0,21152.5,14228.0,16118.0,14228.0,16297.0,14270.9,16381.2,14274.5,16534.1,19864.8,16624.9,19864.8,16652.9,20349.3,18560.8,20349.3,19130.7,20349.3
3540.0,21154.8,14216.4,16132.6,14216.4,16296.0,14257.9,16399.2,14279.6,16529.4,19864.5,16604.0,19864.5,16638.7,20334.2,18559.8,20334.2,19122.7,20334.2
3560.0,21157.9,14226.8,16134.0,14226.8,16284.6,14268.9,16394.3,14284.2,16536.6,19851.9,16612.7,19851.9,16650.6,20349.5,18571.2,20349.5,19119.4,20349.5
3580.0,21154.5,14220.0,16124.5,14220.0,16272.2,14269.5,16394.7,14269.6,16545.4,19870.7,16611.1,19870.7,16633.7,20315.9,18561.3,20315.9,19110.3,20315.9
3600.0,21154.3,14223.9,16119.3,14223.9,16270.8,14258.8,16399.0,14275.0,16551.6,19854.7,16601.7,19854.7,16636.1,20339.3,18574.9,20339.3,19097.9,20339.3
,22607.3,11721.7,21016.9,11721.7,21446.4,11730.2,21656.7,11781.8,21873.2,16554.9,22141.2,16554.9,22205.1,16911.5,16548.9,16911.5,17169.2,16911.5
,22597.9,11727.6,21028.2,11727.6,21483.1,11732.2,21670.3,11777.6,21883.8,16545.2,22148.2,16545.2,22191.0,16901.3,16567.4,16901.3,17179.6,16901.3
,22604.2,11721.4,21031.3,11721.4,21461.4,11734.3,21677.3,11778.4,21876.5,16545.2,22141.5,16545.2,22160.2,16921.9,16545.6,16921.9,17164.5,16921.9
,22607.2,11721.7,21031.9,11721.7,21465.7,11735.0,21642.2,11770.6,21847.7,16550.1,22115.6,16550.1,22153.7,16914.2,16552.7,16914.2,17181.7,16914.2
,22590.5,11713.2,21032.4,11713.2,21466.6,11727.5,21644.5,11775.1,21838.8,16528.7,22128.1,16528.7,22165.3,16917.5,16552.9,16917.5,17177.7,16917.5
,22595.5,11718.5,21033.5,11718.5,21454.7,11737.3,21629.7,11776.3,21862.0,16546.5,22121.2,16546.5,22167.5,16934.1,16553.4,16934.1,17175.4,16934.1
,22607.2,11710.6,21028.3,11710.6,21454.8,11721.4,21611.6,11782.4,21831.1,16548.6,22129.7,16548.6,22177.9,16919.6,16542.7,16919.6,17159.9,16919.6
,22621.4,11714.8,20996.8,11714.8,21441.1,11732.6,21621.0,11771.0,21830.1,16544.7,22125.2,16544.7,22168.0,16900.0,16562.1,16900.0,17161.2,16900.0
,22614.3,11719.6,21017.1,11719.6,21450.8,11726.0,21621.5,11773.7,21859.8,16546.4,22110.7,16546.4,22147.9,16907.2,16543.2,16907.2,17165.7,16907.2
,22617.4,11715.2,21002.7,11715.2,21451.1,11718.2,21595.8,11767.9,21838.5,16541.7,22124.1,16541.7,22154.6,16914.7,16558.6,16914.7,17166.1,16914.7
,22597.9,11711.4,21011.4,11711.4,21441.1,11713.5,21640.6,11775.4,21854.7,16546.7,22102.5,16546.7,22131.8,16908.6,16556.7,16908.6,17160.1,16908.6
,22605.3,11704.2,20982.4,11704.2,21426.9,11716.6,21625.8,11767.2,21848.6,16532.0,22098.0,16532.0,22141.1,16920.3,16550.5,16920.3,17163.6,16920.3
,22603.3,11708.7,20985.2,11708.7,21420.7,11713.2,21601.3,11768.4,21822.5,16535.5,22122.5,16535.5,22176.3,16910.1,16549.9,16910.1,17156.9,16910.1
,22601.2,11704.0,21002.3,11704.0,21447.0,11715.4,21588.8,11762.6,21835.9,16541.2,22122.9,16541.2,22149.0,16920.8,16546.2,16920.8,17157.4,16920.8
,22607.5,11707.0,20998.8,11707.0,21433.0,11715.0,21605.9,11765.6,21827.6,16535.7,22102.2,16535.7,22169.0,16914.6,16541.3,16914.6,17152.7,16914.6
,22613.9,11708.8,21008.7,11708.8,21405.0,11710.6,21607.4,11769.5,21834.4,16539.9,22102.3,16539.9,22154.2,16911.2,16537.6,16911.2,17160.9,16911.2
,22634.9,11712.2,20985.6,11712.2,21425.6,11714.0,21619.9,11769.1,21830.7,16542.9,22092.0,16542.9,22136.5,16904.7,16538.3,16904.7,17149.7,16904.7
,22614.9,11709.6,21003.3,11709.6,21413.6,11716.4,21609.5,11760.0,21820.8,16535.7,22092.7,16535.7,22125.6,16913.1,16532.8,16913.1,17158.0,16913.1
,22614.9,11702.3,20996.5,11702.3,21426.8,11713.0,21608.9,11764.3,21830.1,16534.7,22081.8,16534.7,22121.7,16921.6,16539.1,16921.6,17145.6,16921.6
,22599.7,11703.8,20990.6,11703.8,21415.9,11705.5,21588.1,11763.3,21816.7,16540.0,22078.3,16540.0,22103.4,16924.1,16538.1,16924.1,17155.6,16924.1
,22630.9,11704.4,21010.2,11704.4,21427.2,11710.5,21580.7,11763.0,21832.1,16541.6,22066.9,16541.6,22110.5,16915.9,16541.9,16915.9,17151.6,16915.9
,22626.2,11708.2,20986.1,11708.2,21422.3,11714.7,21575.4,11755.9,21842.2,16528.9,22051.5,16528.9,22112.3,16921.2,16536.8,16921.2,17141.9,16921.2
,22616.3,11700.1,20985.1,11700.1,21420.9,11709.1,21586.5,11759.3,21834.4,16525.6,22067.6,16525.6,22115.2,16923.7,16549.2,16923.7,17147.6,16923.7
,22623.4,11698.8,21015.0,11698.8,21431.2,11703.2,21579.4,11758.4,21842.7,16536.9,22064.2,16536.9,22126.6,16923.9,16535.7,16923.9,17154.4,16923.9
,22608.9,11698.0,21010.3,11698.0,21416.5,11700.7,21571.5,11763.9,21822.0,16541.2,22076.4,16541.2,22102.3,16909.1,16536.9,16909.1,17147.3,16909.1
,22604.9,11702.1,21010.3,11702.1,21407.4,11711.0,21556.0,11751.2,21811.9,16543.2,22096.5,16543.2,22126.7,16924.2,16530.8,16924.2,17146.7,16924.2
,22608.8,11703.5,21018.4,11703.5,21401.5,11698.1,21568.3,11758.6,21812.7,16534.6,22081.9,16534.6,22099.4,16927.7,16538.5,16927.7,17151.7,16927.7
,22626.4,11701.8,21021.3,11701.8,21401.5,11696.2,21572.9,11759.1,21807.8,16532.1,22072.3,16532.1,22107.3,16923.8,16533.7,16923.8,17153.3,16923.8
,22617.1,11700.6,20996.1,11700.6,21372.6,11696.4,21566.0,11750.7,21837.2,16520.5,22074.0,16520.5,22101.9,16913.7,16522.6,16913.7,17167.8,16913.7
,22625.6,11700.6,20999.4,11700.6,21376.4,11699.5,21576.7,11762.0,21817.2,16516.2,22074.0,16516.2,22065.0,16920.3,16519.9,16920.3,17153.1,16920.3
,22599.0,11700.6,21006.7,11700.6,21398.9,11704.1,21571.6,11753.4,21830.2,16523.2,22057.2,16523.2,22049.7,16931.7,16526.5,16931.7,17163.6,16931.7
,22606.7,11704.3,20995.0,11704.3,21393.4,11704.6,21574.9,11748.3,21833.4,16518.6,22071.2,16518.6,22096.8,16921.1,16527.6,16921.1,17158.5,16921.1
,22624.5,11705.6,21008.8,11705.6,21381.5,11702.5,21570.2,11742.2,21824.5,16515.6,22050.2,16515.6,22069.8,16917.3,16528.5,16917.3,17150.1,16917.3
,22610.9,11697.6,21000.5,11697.6,21368.2,11696.0,21576.1,11745.8,21832.6,16528.3,22059.1,16528.3,22080.7,16922.4,16515.0,16922.4,17139.2,16922.4
,22611.9,11699.7,21006.8,11699.7,21396.0,11698.7,21585.8,11750.1,21820.7,16509.2,22065.3,16509.2,22080.5,16909.2,16530.6,16909.2,17141.9,16909.2
,22593.9,11697.2,21000.0,11697.2,21382.6,11700.3,21555.3,11751.6,21805.5,16513.4,22050.2,16513.4,22061.3,16916.9,16519.5,16916.9,17131.8,16916.9
,22592.5,11704.1,21019.2,11704.1,21383.9,11684.3,21551.9,11752.4,21806.9,16523.9,22050.7,16523.9,22068.2,16907.7,16520.0,16907.7,17150.2,16907.7
,22604.5,11703.4,21016.1,11703.4,21385.0,11694.1,21560.7,11750.2,21809.5,16525.5,22073.2,16525.5,22059.0,16912.7,16510.5,16912.7,17130.8,16912.7
,22592.3,11694.9,21010.3,11694.9,21388.3,11689.6,21568.8,11749.0,21807.4,16521.0,22053.5,16521.0,22089.2,16916.4,16510.2,16916.4,17135.6,16916.4
,22577.2,11693.7,21007.7,11693.7,21376.9,11696.3,21556.1,11759.4,21798.5,16510.3,22041.8,16510.3,22070.0,16900.7,16507.8,16900.7,17133.0,16900.7
,22590.0,11696.8,21013.1,11696.8,21374.7,11692.0,21538.0,11744.4,21794.2,16510.4,22069.9,16510.4,22058.7,16918.9,16505.1,16918.9,17132.8,16918.9
,22606.9,11690.6,21007.6,11690.6,21389.5,11682.8,21555.9,11749.6,21783.2,16520.6,22054.1,16520.6,22044.5,16910.6,16515.1,16910.6,17125.8,16910.6
,22580.5,11697.5,21014.0,11697.5,21366.6,11694.9,21533.5,11742.7,21794.4,16522.9,22049.3,16522.9,22038.6,16909.7,16515.1,16909.7,17110.0,16909.7
,22582.5,11699.7,20994.2,11699.7,21377.6,11687.5,21560.2,11747.4,21815.4,16508.4,22021.4,16508.4,22028.1,16919.9,16508.1,16919.9,17121.3,16919.9
,22577.5,11697.0,21023.2,11697.0,21358.4,11688.4,21550.2,11739.6,21811.1,16517.8,22045.4,16517.8,22032.1,16913.6,16516.7,16913.6,17143.3,16913.6
,22601.1,11693.0,21009.0,11693.0,21360.6,11694.0,21554.3,11744.7,21801.8,16504.2,22028.7,16504.2,22046.9,16903.3,16498.3,16903.3,17133.6,16903.3
,22610.4,11701.7,21011.9,11701.7,21367.3,11696.4,21560.7,11748.1,21781.1,16512.2,22046.3,16512.2,22038.9,16902.2,16514.1,16902.2,17124.1,16902.2
,22588.9,11699.1,20998.9,11699.1,21370.5,11694.8,21562.9,11749.6,21791.4,16497.7,22043.4,16497.7,22039.0,16907.8,16504.1,16907.8,17119.2,16907.8
,22596.1,11705.1,21007.4,11705.1,21369.5,11692.2,21558.4,11745.7,21810.0,16502.7,22033.9,16502.7,22034.9,16903.0,16507.5,16903.0,17132.2,16903.0
,22594.1,11700.2,21016.5,11700.2,21367.5,11705.0,21533.9,11751.3,21811.3,16507.5,22037.5,16507.5,22013.3,16909.2,16521.6,16909.2,17138.2,16909.2
,22584.0,11690.4,21001.4,11690.4,21360.5,11694.8,21540.8,11740.2,21811.7,16505.0,22023.7,16505.0,22035.2,16901.7,16509.2,16901.7,17130.6,16901.7
,22585.8,11702.4,20994.5,11702.4,21368.2,11687.9,21538.9,11750.9,21796.0,16500.3,22002.8,16500.3,22031.6,16906.3,16514.8,16906.3,17141.5,16906.3
,22607.6,11695.4,20988.1,11695.4,21360.8,11688.8,21535.5,11737.2,21817.9,16499.7,22011.8,16499.7,22027.0,16908.7,16509.1,16908.7,17128.5,16908.7
,22627.0,11687.4,20984.3,11687.4,21382.6,11691.5,21550.8,11746.2,21778.6,16509.8,22000.6,16509.8,22011.1,16907.3,16504.5,16907.3,17126.2,16907.3
,22608.3,11685.8,20968.4,11685.8,21360.2,11689.2,21545.2,11745.3,21793.5,16510.0,22000.2,16510.0,22019.6,16910.2,16508.5,16910.2,17135.3,16910.2
,22603.1,11688.8,20983.9,11688.8,21357.2,11689.3,21547.6,11744.5,21795.9,16512.3,22005.8,16512.3,22007.7,16916.7,16501.6,16916.7,17144.9,16916.7
,22601.8,11690.1,20987.9,11690.1,21359.3,11690.5,21531.5,11739.0,21812.5,16519.2,22013.6,16519.2,22015.9,16907.6,16509.0,16907.6,17134.9,16907.6
,22609.9,11693.4,20990.1,11693.4,21363.4,11687.9,21516.9,11744.8,21787.5,16492.0,22009.5,16492.0,22024.0,16921.2,16512.2,16921.2,17134.3,16921.2
,22617.1,11691.7,20991.3,11691.7,21362.8,11692.0,21541.1,11728.2,21784.5,16503.1,21985.4,16503.1,22020.5,16911.2,16505.1,16911.2,17126.9,16911.2
,22627.2,11695.9,20995.2,11695.9,21344.1,11691.0,21530.3,11731.8,21774.5,16495.3,21980.5,16495.3,22028.8,16906.8,16503.4,16906.8,17113.1,16906.8
,22877.3,11727.2,21257.3,11727.2,21727.6,11719.6,21890.7,11770.0,22112.6,16534.1,22259.9,16534.1,22350.1,16936.8,16656.3,16936.8,17250.9,16936.8
,23138.2,11792.3,21599.7,11792.3,22152.4,11787.7,22348.2,11832.6,22477.5,16610.3,22665.6,16610.3,22735.4,17009.7,16853.3,17009.7,17420.8,17009.7
,23232.2,11820.9,21785.1,11820.9,22338.4,11803.4,22550.2,11853.6,22655.0,16629.9,22854.2,16629.9,22906.6,17026.7,16937.4,17026.7,17505.5,17026.7
,23297.5,11835.8,21892.2,11835.8,22465.5,11822.7,22687.3,11868.7,22758.2,16660.7,22950.3,16660.7,23030.2,17051.2,16974.3,17051.2,17543.8,17051.2
,23390.8,11839.8,21969.0,11839.8,22556.2,11845.5,22787.0,11881.8,22846.0,16677.4,23027.7,16677.4,23130.9,17060.8,17032.4,17060.8,17574.2,17060.8
,23431.7,11851.6,22018.7,11851.6,22602.6,11848.1,22864.5,11883.5,22922.5,16695.2,23098.3,16695.2,23144.2,17061.8,17087.5,17061.8,17595.2,17061.8
,23458.4,11864.2,22101.3,11864.2,22658.3,11859.9,22910.4,11891.2,22971.3,16699.1,23132.4,16699.1,23205.4,17074.7,17127.4,17074.7,17631.3,17074.7
,23497.9,11868.0,22141.6,11868.0,22722.9,11862.0,23012.8,11895.7,23016.4,16703.9,23183.0,16703.9,23266.0,17068.0,17138.1,17068.0,17641.3,17068.0
,23510.2,11868.5,22208.3,11868.5,22774.5,11865.8,23036.3,11894.8,23055.9,16708.5,23220.6,16708.5,23286.2,17065.5,17177.9,17065.5,17666.0,17065.5
,23560.9,11872.5,22290.3,11872.5,22821.7,11868.2,23034.0,11903.2,23084.3,16711.8,23286.1,16711.8,23301.1,17078.0,17212.6,17078.0,17691.7,17078.0
,23560.7,11877.7,22317.4,11877.7,22855.9,11874.1,23103.1,11906.1,23142.2,16725.3,23298.7,16725.3,23352.4,17086.7,17211.2,17086.7,17707.8,17086.7
,23558.6,11877.6,22295.3,11877.6,22905.3,11879.0,23118.3,11904.7,23144.6,16727.4,23346.8,16727.4,23378.2,17105.1,17237.8,17105.1,17717.7,17105.1
,23627.5,11884.3,22336.8,11884.3,22905.5,11882.1,23165.9,11915.4,23183.3,16731.7,23346.6,16731.7,23422.4,17114.4,17251.7,17114.4,17735.7,17114.4
,23592.3,11887.1,22346.9,11887.1,22928.4,11884.5,23211.1,11933.4,23194.7,16730.0,23386.0,16730.0,23420.6,17114.2,17264.7,17114.2,17746.4,17114.2
,23643.9,11893.5,22395.6,11893.5,22991.6,11883.9,23252.1,11927.4,23215.2,16748.4,23390.9,16748.4,23460.7,17104.4,17270.7,17104.4,17746.1,17104.4
,23644.6,11882.1,22399.6,11882.1,23016.0,11901.3,23241.0,11922.2,23205.8,16746.5,23457.8,16746.5,23471.3,17124.9,17299.9,17124.9,17781.2,17124.9
,23661.5,11892.4,22473.0,11892.4,23048.0,11899.1,23281.0,11932.6,23239.9,16745.5,23458.5,16745.5,23484.8,17115.8,17294.9,17115.8,17777.4,17115.8
,23671.1,11893.3,22464.1,11893.3,23060.2,11902.9,23287.6,11932.6,23267.2,16738.7,23458.5,16738.7,23503.5,17116.3,17303.5,17116.3,17787.2,17116.3
,23688.9,11891.9,22503.8,11891.9,23076.1,11904.0,23300.9,11930.6,23299.2,16764.4,23508.0,16764.4,23500.0,17118.7,17321.5,17118.7,17810.1,17118.7
,23735.6,11895.2,22548.5,11895.2,23106.7,11907.7,23319.4,11945.0,23297.7,16757.0,23506.8,16757.0,23503.5,17126.3,17323.2,17126.3,17826.3,17126.3
,23747.4,11903.3,22553.5,11903.3,23127.5,11913.6,23362.9,11939.9,23320.7,16757.7,23513.4,16757.7,23553.8,17134.3,17336.0,17134.3,17828.6,17134.3
,23767.7,11906.7,22569.6,11906.7,23143.4,11912.9,23377.8,11941.9,23338.5,16765.0,23522.0,16765.0,23555.5,17123.6,17345.4,17123.6,17842.5,17123.6
,23766.6,11900.3,22593.4,11900.3,23132.1,11915.3,23397.6,11937.6,23356.4,16766.1,23581.3,16766.1,23559.9,17130.8,17369.6,17130.8,17853.2,17130.8
,23787.6,11913.1,22610.3,11913.1,23222.7,11916.6,23417.8,11944.5,23342.2,16774.6,23584.5,16774.6,23587.8,17134.4,17387.4,17134.4,17839.5,17134.4
,23833.0,11902.0,22634.7,11902.0,23238.7,11918.7,23418.2,11947.1,23358.1,16768.3,23571.8,16768.3,23632.4,17133.6,17404.1,17133.6,17860.0,17133.6
,23818.3,11903.5,22651.2,11903.5,23216.6,11918.1,23453.8,11950.5,23378.9,16766.1,23559.7,16766.1,23646.0,17130.4,17411.2,17130.4,17864.2,17130.4
,23840.1,11911.8,22675.4,11911.8,23258.6,11925.6,23425.3,11943.4,23399.6,16779.7,23601.2,16779.7,23599.5,17134.2,17431.1,17134.2,17871.3,17134.2
,23877.8,11916.8,22681.6,11916.8,23288.9,11922.0,23438.8,11955.3,23415.7,16790.7,23602.7,16790.7,23648.0,17133.8,17428.5,17133.8,17882.3,17133.8
,23887.1,11928.4,22692.0,11928.4,23265.7,11927.1,23510.1,11967.5,23422.8,16783.1,23610.0,16783.1,23631.7,17138.0,17444.3,17138.0,17872.2,17138.0
,23865.7,11922.9,22731.8,11922.9,23270.2,11930.1,23510.2,11964.9,23429.5,16785.5,23614.0,16785.5,23677.4,17150.5,17439.7,17150.5,17884.4,17150.5
,23913.5,11911.8,22770.3,11911.8,23287.1,11938.9,23492.6,11961.7,23416.8,16795.3,23645.3,16795.3,23712.2,17150.7,17435.5,17150.7,17905.9,17150.7
,23929.5,11924.7,22816.9,11924.7,23300.5,11933.5,23504.1,11962.9,23437.6,16803.2,23668.2,16803.2,23704.9,17142.7,17463.6,17142.7,17918.3,17142.7
,23930.2,11929.2,22833.1,11929.2,23351.7,11933.5,23549.4,11963.4,23459.1,16788.3,23683.0,16788.3,23692.2,17141.3,17462.9,17141.3,17910.9,17141.3
,23943.2,11923.7,22823.6,11923.7,23364.4,11945.3,23576.1,11962.3,23473.7,16809.1,23675.5,16809.1,23741.9,17146.2,17480.3,17146.2,17938.4,17146.2
,23986.1,11928.2,22866.8,11928.2,23379.0,11937.3,23576.4,11971.1,23443.9,16791.8,23695.2,16791.8,23741.8,17146.5,17510.1,17146.5,17922.7,17146.5
,23967.7,11924.8,22869.8,11924.8,23413.2,11940.6,23613.1,11966.9,23500.6,16806.0,23652.3,16806.0,23753.7,17163.6,17502.9,17163.6,17933.8,17163.6
,23992.2,11928.2,22905.0,11928.2,23426.7,11943.7,23624.6,11957.0,23509.6,16815.5,23696.6,16815.5,23770.1,17160.0,17507.9,17160.0,17940.3,17160.0
,24017.5,11937.6,22919.2,11937.6,23452.9,11951.9,23630.5,11963.1,23505.5,16813.4,23705.3,16813.4,23744.8,17166.0,17510.3,17166.0,17942.5,17166.0
,24011.4,11932.9,22892.8,11932.9,23475.1,11955.2,23653.9,11965.4,23504.1,16828.5,23719.6,16828.5,23763.6,17178.6,17544.9,17178.6,17947.1,17178.6
,24014.5,11930.4,22930.7,11930.4,23453.2,11953.4,23682.2,11979.0,23510.9,16806.9,23702.9,16806.9,23758.6,17168.6,17532.2,17168.6,17954.7,17168.6
,24043.4,11936.9,22934.2,11936.9,23494.7,11958.9,23684.5,11976.1,23528.6,16828.1,23725.6,16828.1,23825.4,17165.5,17550.8,17165.5,17965.4,17165.5
,24034.1,11937.7,22940.1,11937.7,23499.2,11953.4,23688.1,11977.4,23559.0,16826.2,23734.8,16826.2,23805.6,17184.6,17566.1,17184.6,17972.8,17184.6
,24067.9,11946.4,22971.7,11946.4,23498.2,11959.7,23675.6,11976.3,23540.3,16824.9,23768.0,16824.9,23801.8,17173.5,17547.0,17173.5,17963.6,17173.5
,24071.0,11945.7,23009.1,11945.7,23510.1,11963.7,23691.0,11975.4,23565.1,16842.6,23766.6,16842.6,23815.4,17173.0,17553.3,17173.0,17986.6,17173.0
,24090.5,11951.9,23035.0,11951.9,23508.1,11957.8,23706.1,11974.8,23602.6,16846.3,23751.5,16846.3,23831.6,17186.6,17561.8,17186.6,18010.0,17186.6
,24073.5,11950.6,23049.2,11950.6,23557.3,11965.1,23690.2,11983.4,23592.8,16845.5,23753.5,16845.5,23825.8,17186.2,17587.4,17186.2,18000.1,17186.2
,24107.0,11952.9,23030.0,11952.9,23551.3,11969.3,23704.9,11981.9,23607.8,16834.0,23818.0,16834.0,23839.3,17198.1,17591.7,17198.1,17989.2,17198.1
,24122.1,11951.4,23052.4,11951.4,23546.2,11970.7,23745.9,11979.4,23615.2,16846.7,23781.8,16846.7,23864.7,17182.2,17595.6,17182.2,18014.4,17182.2
,24134.4,11951.2,23083.5,11951.2,23563.2,11963.1,23735.2,11980.4,23627.5,16843.3,23777.4,16843.3,23873.1,17186.5,17621.0,17186.5,18013.3,17186.5
,24175.8,11960.2,23095.2,11960.2,23606.5,11965.8,23734.3,11984.9,23634.0,16856.4,23793.5,16856.4,23887.9,17212.0,17609.8,17212.0,18016.4,17212.0
,24203.5,11960.3,23116.9,11960.3,23615.4,11969.6,23750.5,11986.4,23629.4,16839.3,23816.7,16839.3,23901.7,17200.3,17595.1,17200.3,18023.4,17200.3
,24207.1,11968.8,23126.3,11968.8,23613.2,11963.2,23733.7,11984.0,23639.7,16856.9,23814.9,16856.9,23901.1,17184.3,17610.5,17184.3,18029.2,17184.3
,24192.9,11955.7,23127.9,11955.7,23591.2,11969.1,23724.9,11984.2,23655.0,16858.4,23829.5,16858.4,23927.9,17197.6,17642.1,17197.6,18036.4,17197.6
,24217.7,11960.2,23152.7,11960.2,23599.1,11970.1,23738.2,11988.0,23630.6,16869.5,23859.3,16869.5,23915.9,17204.4,17645.0,17204.4,18023.9,17204.4
,24187.9,11961.8,23161.7,11961.8,23595.4,11974.5,23797.8,11995.3,23665.9,16863.6,23859.6,16863.6,23927.0,17204.3,17639.9,17204.3,18035.3,17204.3
,24225.7,11963.4,23174.3,11963.4,23624.2,11970.6,23767.9,11983.9,23675.9,16857.7,23872.2,16857.7,23923.4,17204.0,17646.0,17204.0,18042.8,17204.0
,24247.2,11974.6,23191.2,11974.6,23656.6,11972.0,23770.8,11992.8,23698.2,16870.1,23905.2,16870.1,23936.0,17189.8,17636.3,17189.8,18053.7,17189.8
,24257.0,11966.9,23185.1,11966.9,23635.6,11969.2,23808.0,11988.1,23680.4,16858.6,23894.3,16858.6,23945.0,17219.2,17654.8,17219.2,18064.4,17219.2
,24253.8,11973.9,23214.5,11973.9,23668.2,11980.7,23819.1,11995.8,23696.7,16868.8,23932.1,16868.8,23950.6,17217.8,17663.0,17217.8,18052.7,17217.8
,24239.5,11972.0,23200.1,11972.0,23674.4,11987.2,23835.0,12002.5,23692.9,16875.1,23921.9,16875.1,23957.1,17210.4,17659.9,17210.4,18068.8,17210.4
,23973.7,11926.8,22833.3,11926.8,23220.0,11936.2,23380.0,11951.1,23362.3,16823.0,23560.9,16823.0,23612.6,17175.1,17531.1,17175.1,17949.2,17175.1
,23689.4,11879.9,22417.3,11879.9,22771.6,11879.1,22873.4,11910.6,22950.8,16751.3,23148.0,16751.3,23184.1,17111.9,17326.5,17111.9,17734.6,17111.9
,23530.9,11855.4,22240.0,11855.4,22571.7,11863.8,22713.9,11887.0,22808.4,16729.1,23000.7,16729.1,23011.7,17094.5,17215.9,17094.5,17651.8,17094.5
,23450.4,11841.5,22133.2,11841.5,22474.3,11852.8,22582.1,11877.8,22690.0,16714.2,22927.4,16714.2,22942.1,17086.8,17159.6,17086.8,17592.1,17086.8
,23406.7,11833.7,22025.6,11833.7,22400.9,11835.1,22515.6,11855.3,22654.7,16717.7,22824.9,16717.7,22855.2,17089.1,17108.5,17089.1,17568.1,17089.1
,23337.6,11830.0,21977.3,11830.0,22335.2,11833.4,22476.7,11848.0,22654.7,16705.9,22775.1,16705.9,22835.6,17074.7,17069.0,17074.7,17529.5,17074.7
,23304.7,11821.0,21930.7,11821.0,22295.4,11822.1,22439.6,11849.0,22556.3,16694.1,22753.1,16694.1,22803.7,17055.4,17049.9,17055.4,17494.4,17055.4
,23301.0,11812.9,21897.8,11812.9,22251.8,11817.9,22439.6,11850.1,22504.2,16686.8,22704.8,16686.8,22752.6,17047.6,17040.2,17047.6,17493.0,17047.6
,23251.9,11811.8,21867.3,11811.8,22204.7,11818.0,22332.5,11842.6,22496.3,16672.2,22669.4,16672.2,22740.3,17050.6,17022.4,17050.6,17454.8,17050.6
,23215.2,11796.1,21833.8,11796.1,22157.8,11815.8,22303.4,11839.4,22443.9,16680.1,22654.4,16680.1,22706.3,17041.3,17007.2,17041.3,17455.5,17041.3
,23221.7,11793.0,21816.6,11793.0,22140.4,11805.4,22297.4,11835.6,22419.0,16684.2,22614.9,16684.2,22678.0,17024.5,16990.5,17024.5,17451.2,17024.5
,23218.8,11793.4,21806.4,11793.4,22123.0,11801.1,22287.9,11826.0,22428.8,16672.0,22591.2,16672.0,22651.4,17041.1,16980.1,17041.1,17433.9,17041.1
,23181.7,11800.8,21785.1,11800.8,22110.2,11805.2,22257.0,11827.4,22407.0,16661.9,22552.6,16661.9,22634.0,17024.3,16981.3,17024.3,17427.5,17024.3
,23143.5,11793.6,21743.3,11793.6,22076.1,11805.3,22237.3,11825.3,22385.0,16665.7,22543.1,16665.7,22604.0,17032.0,16974.7,17032.0,17435.0,17032.0
,23142.2,11801.3,21721.1,11801.3,22056.0,11805.6,22227.1,11817.5,22377.1,16656.0,22524.7,16656.0,22604.8,17031.4,16975.1,17031.4,17404.5,17031.4
,23150.3,11806.1,21719.7,11806.1,22029.0,11802.4,22220.9,11814.5,22345.2,16660.4,22508.8,16660.4,22572.5,17025.1,16939.4,17025.1,17402.0,17025.1
,23098.8,11797.4,21689.2,11797.4,22024.6,11807.2,22191.3,11808.9,22337.5,16647.6,22522.6,16647.6,22576.1,17018.1,16955.9,17018.1,17411.6,17018.1
,23116.1,11794.8,21682.3,11794.8,22006.7,11808.9,22181.3,11806.7,22351.8,16655.5,22506.2,16655.5,22567.2,17013.0,16944.4,17013.0,17404.0,17013.0
,23111.8,11792.6,21676.8,11792.6,22032.9,11801.0,22173.6,11806.7,22327.1,16655.5,22475.9,16655.5,22547.9,17021.8,16942.8,17021.8,17411.6,17021.8
,23110.5,11791.0,21660.3,11791.0,22009.2,11807.8,22200.3,11810.8,22312.0,16652.6,22449.0,16652.6,22506.5,17021.7,16927.0,17021.7,17395.0,17021.7
,23086.6,11792.2,21661.8,11792.2,21989.6,11801.1,22170.7,11811.8,22320.0,16652.0,22444.2,16652.0,22498.6,17025.5,16923.5,17025.5,17392.4,17025.5
,23087.3,11782.0,21652.7,11782.0,21977.5,11802.2,22143.9,11805.4,22311.9,16631.4,22431.0,16631.4,22488.3,17007.9,16923.8,17007.9,17379.9,17007.9
,23048.2,11779.6,21633.7,11779.6,21958.4,11796.5,22093.9,11810.1,22290.2,16647.3,22414.3,16647.3,22503.8,17000.9,16916.2,17000.9,17370.2,17000.9
,23083.4,11783.4,21614.8,11783.4,21929.0,11797.6,22100.7,11791.5,22262.3,16648.7,22401.3,16648.7,22458.5,17016.2,16911.5,17016.2,17369.0,17016.2
,23067.5,11778.1,21625.4,11778.1,21923.3,11798.6,22100.0,11799.8,22284.6,16621.7,22424.5,16621.7,22465.2,17001.5,16922.0,17001.5,17367.7,17001.5
,23018.6,11780.4,21604.6,11780.4,21917.7,11798.0,22070.0,11797.0,22271.7,16632.2,22400.2,16632.2,22444.2,16988.9,16906.4,16988.9,17366.9,16988.9
,23024.4,11773.3,21622.7,11773.3,21890.3,11801.4,22087.3,11796.2,22262.8,16627.6,22388.1,16627.6,22427.4,16991.0,16904.9,16991.0,17356.7,16991.0
,23037.1,11780.6,21603.6,11780.6,21887.6,11791.8,22067.1,11796.9,22256.3,16632.0,22394.7,16632.0,22428.4,16995.7,16888.5,16995.7,17359.3,16995.7
,23018.2,11767.2,21602.9,11767.2,21870.2,11798.5,22058.3,11800.0,22228.7,16631.2,22371.8,16631.2,22422.9,16998.4,16903.5,16998.4,17347.8,16998.4
,22992.1,11767.3,21598.3,11767.3,21875.5,11794.1,22050.2,11802.2,22234.7,16628.7,22372.5,16628.7,22390.6,17001.9,16883.5,17001.9,17341.1,17001.9
,22985.9,11775.3,21588.0,11775.3,21857.1,11793.0,22024.3,11800.9,22233.6,16625.2,22369.3,16625.2,22433.0,16995.9,16873.0,16995.9,17355.6,16995.9
,22970.6,11770.4,21563.7,11770.4,21870.5,11793.4,22019.8,11796.4,22238.7,16617.0,22353.3,16617.0,22430.3,17000.4,16865.8,17000.4,17349.8,17000.4
,22948.0,11769.3,21560.5,11769.3,21861.6,11788.2,22017.0,11792.8,22239.5,16614.2,22350.3,16614.2,22379.5,17003.2,16870.4,17003.2,17347.7,17003.2
,22954.9,11765.0,21555.1,11765.0,21847.0,11793.6,21998.3,11781.4,22218.2,16618.2,22358.3,16618.2,22404.2,16985.7,16869.5,16985.7,17343.9,16985.7
,22941.2,11764.1,21552.8,11764.1,21830.9,11793.6,21996.5,11789.5,22229.2,16621.6,22338.4,16621.6,22396.9,16997.9,16872.8,16997.9,17347.9,16997.9
,22959.0,11771.3,21546.5,11771.3,21796.3,11779.5,21992.0,11782.7,22231.6,16609.8,22345.9,16609.8,22374.5,16986.8,16856.4,16986.8,17334.0,16986.8
,22964.4,11767.0,21551.1,11767.0,21812.2,11781.4,21962.4,11788.4,22239.7,16599.1,22325.0,16599.1,22390.3,16999.3,16859.0,16999.3,17339.7,16999.3
,22955.1,11762.9,21556.9,11762.9,21822.1,11789.1,21973.7,11787.8,22207.4,16595.3,22325.3,16595.3,22363.4,16994.0,16857.5,16994.0,17330.2,16994.0
,22950.8,11759.3,21561.6,11759.3,21813.9,11784.7,21968.6,11786.8,22213.3,16600.7,22322.4,16600.7,22344.3,16993.0,16856.0,16993.0,17326.3,16993.0
,22922.1,11764.3,21552.6,11764.3,21802.5,11785.9,21952.9,11781.5,22222.8,16601.4,22294.6,16601.4,22361.1,17004.3,16849.7,17004.3,17329.0,17004.3
,22937.5,11766.6,21514.4,11766.6,21799.4,11779.2,21979.1,11775.3,22208.3,16623.8,22280.8,16623.8,22392.6,16990.0,16840.2,16990.0,17335.4,16990.0
,22941.4,11755.9,21546.3,11755.9,21764.3,11777.9,21923.5,11777.2,22182.6,16601.9,22261.2,16601.9,22362.1,16982.6,16836.2,16982.6,17315.0,16982.6
,22939.5,11761.1,21525.6,11761.1,21782.3,11783.5,21954.1,11778.0,22172.5,16617.1,22292.6,16617.1,22364.8,17001.4,16841.5,17001.4,17309.7,17001.4
,22935.5,11757.0,21524.5,11757.0,21782.3,11779.2,21910.1,11772.5,22189.4,16616.3,22283.2,16616.3,22351.5,16991.4,16828.3,16991.4,17311.8,16991.4
,22945.3,11761.9,21517.8,11761.9,21778.0,11780.2,21912.0,11773.9,22162.1,16590.7,22261.8,16590.7,22356.0,16976.4,16829.7,16976.4,17307.7,16976.4
,22960.9,11747.5,21524.1,11747.5,21762.3,11785.3,21913.2,11774.6,22195.9,16613.7,22272.3,16613.7,22329.5,16989.0,16829.7,16989.0,17315.7,16989.0
,22946.8,11746.9,21508.3,11746.9,21759.1,11783.4,21924.0,11777.7,22163.2,16606.0,22283.3,16606.0,22311.2,16989.5,16840.9,16989.5,17324.9,16989.5
,22928.2,11747.8,21501.2,11747.8,21749.4,11784.7,21916.9,11778.0,22192.4,16611.7,22275.4,16611.7,22310.5,16978.4,16837.4,16978.4,17325.9,16978.4
,22953.7,11741.9,21506.9,11741.9,21749.6,11771.9,21906.6,11784.4,22175.1,16612.2,22265.7,16612.2,22328.1,16977.7,16845.4,16977.7,17309.8,16977.7
,22920.6,11748.4,21495.1,11748.4,21764.9,11778.5,21873.5,11777.8,22149.3,16606.3,22244.8,16606.3,22305.3,16988.0,16836.0,16988.0,17288.5,16988.0
,22937.9,11742.0,21526.8,11742.0,21731.2,11774.8,21895.2,11777.6,22160.5,16603.8,22265.4,16603.8,22301.6,16981.0,16823.4,16981.0,17300.6,16981.0
,22922.0,11741.3,21502.5,11741.3,21738.8,11778.8,21874.4,11778.0,22152.8,16619.2,22260.6,16619.2,22297.4,16985.1,16815.3,16985.1,17308.0,16985.1
,22946.0,11739.1,21503.7,11739.1,21711.9,11780.1,21883.7,11781.1,22143.9,16603.5,22257.8,16603.5,22276.5,16985.5,16828.2,16985.5,17310.1,16985.5
,22940.0,11740.1,21488.1,11740.1,21717.0,11781.6,21879.2,11775.3,22127.2,16599.9,22232.7,16599.9,22292.0,16985.9,16824.3,16985.9,17302.4,16985.9
,22941.9,11737.3,21486.5,11737.3,21711.9,11784.7,21876.8,11780.0,22147.8,16614.6,22258.0,16614.6,22277.9,16981.3,16806.9,16981.3,17301.2,16981.3
,22950.5,11731.2,21482.5,11731.2,21716.5,11780.4,21854.7,11773.0,22146.1,16604.7,22225.9,16604.7,22286.1,16988.7,16802.5,16988.7,17306.6,16988.7
,22950.9,11733.6,21488.5,11733.6,21712.7,11775.0,21862.2,11764.7,22118.2,16598.6,22242.6,16598.6,22265.5,16983.4,16832.2,16983.4,17308.3,16983.4
,22940.6,11738.9,21464.2,11738.9,21696.8,11774.9,21863.1,11771.1,22116.5,16584.5,22244.6,16584.5,22256.1,16973.0,16810.6,16973.0,17304.4,16973.0
,22918.9,11731.8,21472.5,11731.8,21712.5,11780.4,21871.6,11774.3,22114.9,16593.8,22222.4,16593.8,22243.5,16966.5,16823.7,16966.5,17298.1,16966.5
,22923.2,11739.4,21468.0,11739.4,21708.5,11783.0,21862.6,11773.2,22119.4,16589.7,22226.2,16589.7,22232.8,16970.0,16807.2,16970.0,17281.9,16970.0
,21253.7,13029.4,17466.3,13029.4,17798.2,13050.6,17935.2,13092.8,18071.9,19568.5,18257.5,19568.5,18352.0,20212.3,14942.8,20212.3,15517.5,20212.3
,21260.0,13018.4,17451.4,13018.4,17789.9,13040.2,17940.4,13090.6,18049.9,19589.2,18258.6,19589.2,18352.6,20206.6,14948.8,20206.6,15517.1,20206.6
,21255.2,13014.2,17442.0,13014.2,17794.4,13046.0,17920.7,13098.5,18054.1,19586.9,18252.0,19586.9,18364.6,20202.2,14945.5,20202.2,15508.9,20202.2
,21256.6,13021.8,17435.0,13021.8,17780.1,13038.8,17926.3,13089.4,18038.0,19575.3,18285.9,19575.3,18347.3,20207.3,14955.8,20207.3,15508.7,20207.3
,21256.2,13014.5,17443.6,13014.5,17783.0,13039.6,17915.6,13097.8,18041.8,19593.1,18286.1,19593.1,18327.5,20204.5,14953.1,20204.5,15524.1,20204.5
,21242.5,13012.1,17442.7,13012.1,17779.4,13041.3,17906.2,13096.6,18049.4,19580.2,18256.5,19580.2,18330.0,20206.7,14964.6,20206.7,15513.6,20206.7
,21277.8,13023.9,17438.8,13023.9,17779.8,13030.4,17892.2,13093.3,18067.3,19583.7,18265.1,19583.7,18340.9,20180.4,14956.6,20180.4,15525.3,20180.4
,21258.9,13013.3,17439.3,13013.3,17771.5,13035.7,17912.7,13099.7,18024.9,19580.3,18267.4,19580.3,18316.1,20205.0,14962.3,20205.0,15515.9,20205.0
,21267.7,13015.9,17433.6,13015.9,17774.9,13028.8,17920.3,13087.9,18049.5,19588.7,18252.5,19588.7,18333.3,20199.1,14946.8,20199.1,15510.0,20199.1
,21253.2,13010.6,17428.4,13010.6,17779.8,13029.3,17892.8,13095.9,18042.7,19583.2,18244.0,19583.2,18335.0,20196.0,14937.8,20196.0,15507.4,20196.0
,21244.4,13012.2,17426.5,13012.2,17782.3,13023.8,17896.6,13090.8,18036.6,19589.8,18235.4,19589.8,18303.7,20212.3,14946.4,20212.3,15505.7,20212.3
,21273.5,13014.0,17414.1,13014.0,17773.9,13029.3,17907.3,13088.4,18042.7,19586.9,18246.0,19586.9,18309.6,20207.0,14951.6,20207.0,15501.4,20207.0
,21258.0,13013.7,17416.5,13013.7,17776.8,13028.6,17902.9,13085.1,18060.6,19579.0,18247.1,19579.0,18318.6,20213.7,14947.2,20213.7,15500.6,20213.7
,21266.9,13011.3,17426.6,13011.3,17760.5,13028.6,17892.8,13088.3,18058.5,19563.1,18230.1,19563.1,18324.5,20199.1,14951.1,20199.1,15508.8,20199.1
,21246.1,13007.6,17417.6,13007.6,17772.2,13023.4,17894.0,13080.4,18054.6,19584.9,18223.0,19584.9,18298.7,20204.2,14956.0,20204.2,15499.7,20204.2
,21252.4,13008.7,17431.2,13008.7,17772.3,13022.2,17903.8,13087.0,18049.2,19563.9,18235.4,19563.9,18303.8,20192.6,14943.3,20192.6,15497.9,20192.6
,21244.2,13006.9,17435.7,13006.9,17763.4,13026.5,17906.5,13095.1,18057.6,19577.2,18239.9,19577.2,18312.9,20188.1,14947.4,20188.1,15509.7,20188.1
,21255.3,13003.5,17427.1,13003.5,17783.3,13024.1,17894.6,13088.1,18049.4,19578.1,18240.5,19578.1,18302.2,20187.2,14948.8,20187.2,15494.4,20187.2
,21238.6,12996.9,17427.0,12996.9,17770.1,13018.3,17887.9,13093.0,18040.3,19576.2,18227.8,19576.2,18318.8,20195.5,14951.5,20195.5,15494.4,20195.5
,21238.6,13004.0,17427.2,13004.0,17770.2,13022.7,17888.8,13077.5,18045.3,19583.8,18230.1,19583.8,18305.5,20193.6,14940.2,20193.6,15509.0,20193.6
,21262.5,13004.4,17432.5,13004.4,17766.5,13024.5,17894.6,13086.0,18033.8,19574.1,18205.4,19574.1,18313.3,20187.5,14930.1,20187.5,15496.9,20187.5
,21256.3,13002.6,17422.7,13002.6,17758.1,13020.4,17885.5,13088.4,18043.2,19590.8,18227.1,19590.8,18308.3,20217.4,14939.1,20217.4,15489.5,20217.4
,21239.1,12998.3,17419.6,12998.3,17791.5,13026.5,17889.3,13084.6,18036.7,19573.6,18236.4,19573.6,18292.0,20215.0,14935.5,20215.0,15499.3,20215.0
,21256.1,13004.6,17413.4,13004.6,17780.2,13024.7,17884.5,13081.1,18046.0,19568.5,18232.7,19568.5,18301.4,20200.3,14955.6,20200.3,15486.1,20200.3
,21244.7,12993.1,17418.2,12993.1,17769.8,13014.0,17878.8,13088.6,18031.6,19571.9,18218.6,19571.9,18311.4,20191.8,14938.5,20191.8,15480.5,20191.8
,21224.7,12993.2,17407.9,12993.2,17756.3,13011.6,17876.2,13087.8,18030.5,19569.6,18224.5,19569.6,18290.0,20189.3,14939.0,20189.3,15481.1,20189.3
,21246.4,13008.9,17420.3,13008.9,17741.7,13017.9,17876.0,13082.4,18036.9,19573.8,18221.1,19573.8,18298.8,20193.4,14929.8,20193.4,15485.6,20193.4
,21233.0,13001.9,17427.5,13001.9,17747.1,13004.3,17867.8,13088.2,18039.4,19567.3,18214.4,19567.3,18283.9,20192.0,14958.9,20192.0,15477.9,20192.0
,21245.1,12994.5,17416.3,12994.5,17755.0,13007.8,17869.8,13086.9,18046.1,19567.9,18187.9,19567.9,18270.6,20191.6,14939.8,20191.6,15482.9,20191.6
,21239.4,13003.0,17432.7,13003.0,17749.0,12999.0,17872.3,13081.0,18032.6,19555.3,18187.4,19555.3,18286.2,20188.2,14947.6,20188.2,15482.4,20188.2
,21246.7,12997.0,17427.7,12997.0,17756.4,12997.4,17870.6,13080.6,18037.0,19569.9,18224.3,19569.9,18280.8,20207.4,14954.7,20207.4,15489.0,20207.4
,21235.6,12994.6,17416.0,12994.6,17740.2,12998.5,17872.6,13077.4,18048.5,19557.3,18207.8,19557.3,18266.4,20189.1,14935.8,20189.1,15488.7,20189.1
,21252.8,12996.3,17423.3,12996.3,17757.3,12998.3,17871.8,13076.0,18052.8,19569.8,18197.3,19569.8,18264.7,20204.1,14937.9,20204.1,15487.6,20204.1
,21241.9,12997.0,17428.3,12997.0,17744.3,13006.2,17873.5,13072.5,18049.5,19552.3,18187.0,19552.3,18264.9,20193.1,14942.2,20193.1,15471.4,20193.1
,21231.8,13003.9,17418.0,13003.9,17749.2,13004.1,17872.5,13076.8,18051.6,19559.1,18194.5,19559.1,18251.1,20171.1,14931.8,20171.1,15477.0,20171.1
,21231.0,12991.4,17429.3,12991.4,17743.6,13001.2,17864.5,13074.7,18049.0,19554.4,18203.3,19554.4,18248.0,20168.9,14937.8,20168.9,15468.9,20168.9
,21243.1,12996.8,17417.5,12996.8,17745.4,13002.7,17857.0,13072.6,18038.4,19550.2,18185.9,19550.2,18264.1,20169.1,14932.6,20169.1,15462.7,20169.1
,21237.5,12992.1,17431.3,12992.1,17743.2,13000.9,17863.8,13076.2,18029.7,19555.1,18187.7,19555.1,18273.6,20175.8,14934.7,20175.8,15471.2,20175.8
,21245.2,13000.0,17432.4,13000.0,17730.4,13000.8,17855.0,13071.4,18052.7,19556.6,18204.1,19556.6,18233.6,20158.7,14931.3,20158.7,15466.4,20158.7
,21261.6,13000.0,17426.6,13000.0,17739.4,13000.1,17862.0,13073.5,18038.0,19546.3,18171.9,19546.3,18237.6,20181.7,14924.7,20181.7,15465.0,20181.7
,21251.8,12994.9,17428.9,12994.9,17752.1,13002.2,17846.0,13068.4,18032.8,19558.1,18190.8,19558.1,18243.0,20160.3,14933.2,20160.3,15476.3,20160.3
,21253.5,13001.8,17430.7,13001.8,17730.8,12994.5,17853.3,13074.5,18029.7,19532.8,18187.3,19532.8,18249.0,20177.8,14927.7,20177.8,15459.3,20177.8
,21275.8,13001.3,17433.4,13001.3,17731.8,13000.2,17860.9,13073.4,18037.6,19542.0,18196.5,19542.0,18256.2,20182.6,14927.2,20182.6,15467.9,20182.6
,21254.5,13000.1,17442.8,13000.1,17723.7,12991.4,17846.8,13068.2,18016.3,19547.1,18185.6,19547.1,18248.9,20176.6,14929.4,20176.6,15476.1,20176.6
,21247.1,12985.9,17428.6,12985.9,17730.2,12989.1,17835.8,13069.5,18026.7,19531.2,18164.5,19531.2,18265.5,20199.9,14922.7,20199.9,15461.2,20199.9
,21258.3,12985.9,17426.1,12985.9,17718.6,12989.9,17842.9,13056.9,18026.2,19534.4,18173.7,19534.4,18272.2,20168.1,14926.9,20168.1,15474.8,20168.1
,21238.5,12987.9,17424.5,12987.9,17720.2,12988.0,17852.7,13066.5,18028.7,19537.6,18177.6,19537.6,18256.4,20183.7,14919.5,20183.7,15460.3,20183.7
,21252.3,12988.4,17432.5,12988.4,17725.3,12983.7,17838.1,13063.6,18044.5,19547.6,18155.8,19547.6,18261.6,20176.7,14921.1,20176.7,15469.3,20176.7
,21256.5,12992.1,17427.0,12992.1,17730.9,12988.2,17854.3,13066.2,18037.0,19541.7,18173.2,19541.7,18269.5,20165.1,14925.4,20165.1,15472.8,20165.1
,21268.2,12993.3,17422.2,12993.3,17719.2,12985.8,17835.6,13063.2,18035.4,19548.9,18181.3,19548.9,18274.0,20172.4,14916.3,20172.4,15475.6,20172.4
,21235.4,12986.6,17436.6,12986.6,17719.5,12990.9,17853.4,13063.7,18020.6,19528.2,18169.6,19528.2,18265.9,20165.3,14906.0,20165.3,15467.1,20165.3
,21230.3,12995.6,17435.4,12995.6,17714.0,12989.5,17842.7,13056.9,18025.8,19526.1,18156.9,19526.1,18271.4,20157.1,14918.2,20157.1,15483.2,20157.1
,21245.4,12992.3,17436.5,12992.3,17730.1,12993.9,17824.1,13055.3,18021.6,19521.6,18165.5,19521.6,18270.8,20162.8,14910.9,20162.8,15478.3,20162.8
,21241.0,12992.7,17445.7,12992.7,17727.5,12985.6,17834.9,13059.9,18006.7,19524.9,18150.4,19524.9,18266.7,20174.2,14912.3,20174.2,15481.7,20174.2
,21233.2,12993.6,17430.4,12993.6,17720.2,12989.1,17836.4,13056.5,18009.2,19535.7,18175.2,19535.7,18266.9,20179.4,14923.3,20179.4,15475.7,20179.4
,21232.6,12997.3,17444.0,12997.3,17718.0,12993.6,17853.3,13052.9,18021.1,19533.2,18166.0,19533.2,18271.1,20173.5,14908.5,20173.5,15481.0,20173.5
,21240.9,12987.4,17450.8,12987.4,17721.9,12994.5,17836.6,13051.4,18008.2,19532.7,18148.1,19532.7,18261.8,20179.9,14920.4,20179.9,15478.9,20179.9
,21229.6,12987.0,17448.6,12987.0,17717.3,12990.6,17842.0,13062.8,18016.9,19541.5,18147.9,19541.5,18266.8,20169.6,14912.5,20169.6,15478.4,20169.6
,21238.0,12982.7,17433.2,12982.7,17724.4,12983.0,17838.9,13052.6,18019.9,19526.7,18162.7,19526.7,18256.8,20185.3,14901.8,20185.3,15463.5,20185.3
,21238.1,12986.6,17442.0,12986.6,17733.8,12971.9,17848.2,13051.3,18014.3,19527.4,18145.9,19527.4,18259.1,20185.3,14898.9,20185.3,15460.3,20185.3
,21534.5,13027.2,17645.4,13027.2,18016.6,13020.0,18131.2,13091.3,18260.9,19612.1,18395.7,19612.1,18490.1,20214.4,15066.1,20214.4,15601.6,20214.4
,21768.1,13099.9,17878.2,13099.9,18323.0,13088.9,18469.9,13158.7,18539.0,19706.9,18682.7,19706.9,18758.0,20322.6,15246.4,20322.6,15771.7,20322.6
,21869.2,13128.6,17998.0,13128.6,18455.9,13117.1,18618.0,13169.0,18656.0,19757.5,18845.5,19757.5,18924.7,20353.8,15328.2,20353.8,15843.8,20353.8
,21960.6,13146.4,18071.8,13146.4,18574.6,13139.4,18715.9,13199.8,18710.8,19767.5,18905.0,19767.5,18989.6,20376.0,15379.9,20376.0,15884.2,20376.0
,21986.3,13161.5,18108.1,13161.5,18627.2,13149.5,18786.7,13201.5,18768.5,19787.4,18992.5,19787.4,19077.7,20406.6,15428.1,20406.6,15923.5,20406.6
,22034.2,13173.1,18204.1,13173.1,18688.0,13165.8,18851.8,13212.4,18836.0,19813.1,19003.5,19813.1,19120.6,20401.7,15473.7,20401.7,15952.6,20401.7
,22105.1,13175.9,18232.1,13175.9,18714.1,13172.4,18881.2,13213.3,18862.5,19829.6,19040.6,19829.6,19139.3,20409.9,15503.4,20409.9,15988.4,20409.9
,22134.2,13189.7,18253.5,13189.7,18762.0,13181.8,18906.9,13218.2,18893.6,19829.4,19078.9,19829.4,19167.7,20418.5,15509.6,20418.5,15995.9,20418.5
,22133.9,13190.8,18294.0,13190.8,18799.4,13181.9,18949.5,13226.5,18954.3,19835.9,19136.1,19835.9,19188.5,20422.8,15558.9,20422.8,16038.1,20422.8
,22166.5,13194.1,18351.7,13194.1,18819.4,13178.0,18988.9,13227.2,18949.7,19876.6,19166.4,19876.6,19214.6,20434.5,15583.2,20434.5,16043.1,20434.5
,22198.6,13198.2,18340.8,13198.2,18852.6,13191.7,19017.0,13243.2,18969.0,19865.6,19180.9,19865.6,19265.6,20433.3,15598.1,20433.3,16070.1,20433.3
,22204.0,13207.5,18390.1,13207.5,18863.4,13192.0,19057.9,13233.7,19007.5,19870.6,19198.1,19870.6,19269.5,20447.5,15605.9,20447.5,16074.5,20447.5
,22245.2,13201.8,18442.1,13201.8,18896.1,13199.9,19082.5,13246.5,19034.3,19872.4,19220.1,19872.4,19283.9,20455.8,15654.0,20455.8,16085.1,20455.8
,22241.9,13202.6,18433.3,13202.6,18921.9,13200.4,19088.1,13244.3,19054.2,19895.4,19226.9,19895.4,19295.7,20465.0,15655.8,20465.0,16086.0,20465.0
,22261.2,13203.4,18452.0,13203.4,18924.5,13198.1,19112.7,13245.4,19066.0,19926.9,19251.7,19926.9,19328.1,20461.4,15658.5,20461.4,16122.7,20461.4
,22290.9,13218.1,18472.9,13218.1,18953.0,13210.2,19126.1,13252.1,19093.0,19907.1,19265.4,19907.1,19332.8,20473.7,15679.6,20473.7,16131.2,20473.7
,22295.5,13215.6,18513.8,13215.6,18971.1,13213.9,19128.5,13259.0,19084.2,19914.9,19275.8,19914.9,19355.4,20477.1,15705.4,20477.1,16132.4,20477.1
,22324.0,13209.8,18522.3,13209.8,18993.8,13207.5,19176.4,13259.7,19104.8,19918.7,19275.8,19918.7,19354.3,20493.0,15696.0,20493.0,16141.1,20493.0
,22354.7,13217.9,18526.0,13217.9,19009.3,13223.6,19174.2,13264.9,19110.7,19948.3,19315.0,19948.3,19346.6,20483.2,15712.6,20483.2,16154.5,20483.2
,22365.8,13228.1,18572.4,13228.1,19032.3,13217.0,19191.8,13259.4,19114.6,19943.9,19315.1,19943.9,19383.1,20487.4,15714.1,20487.4,16155.1,20487.4
,22381.7,13221.2,18577.4,13221.2,19047.8,13213.2,19194.2,13260.5,19154.4,19937.8,19338.9,19937.8,19382.2,20512.3,15738.9,20512.3,16183.2,20512.3
,22383.4,13232.0,18616.5,13232.0,19073.6,13228.1,19220.9,13276.8,19171.9,19953.3,19337.4,19953.3,19371.9,20483.0,15746.7,20483.0,16198.9,20483.0
,22382.8,13231.6,18640.3,13231.6,19060.0,13229.5,19240.4,13267.6,19173.6,19914.8,19387.6,19914.8,19412.5,20502.0,15761.6,20502.0,16208.8,20502.0
,22425.6,13244.3,18646.1,13244.3,19082.1,13216.7,19260.6,13267.8,19200.0,19948.4,19343.6,19948.4,19422.4,20493.7,15786.3,20493.7,16193.8,20493.7
,22454.0,13243.7,18653.2,13243.7,19110.1,13228.6,19273.1,13278.0,19179.9,19968.6,19365.7,19968.6,19429.0,20497.4,15792.3,20497.4,16187.9,20497.4
,22446.1,13238.1,18689.5,13238.1,19123.9,13230.4,19287.6,13282.4,19189.7,19950.6,19395.2,19950.6,19433.9,20514.4,15800.0,20514.4,16220.2,20514.4
,22469.5,13232.1,18689.3,13232.1,19141.7,13243.9,19285.9,13288.0,19226.4,19969.2,19408.2,19969.2,19460.7,20502.8,15805.4,20502.8,16234.8,20502.8
,22475.0,13244.8,18696.0,13244.8,19163.2,13238.5,19331.1,13288.0,19222.1,19960.0,19400.4,19960.0,19493.9,20518.7,15823.6,20518.7,16238.1,20518.7
,22509.2,13244.1,18716.4,13244.1,19121.6,13247.2,19340.3,13286.9,19225.7,19968.6,19409.3,19968.6,19448.9,20520.7,15827.1,20520.7,16235.2,20520.7
,22518.2,13249.3,18715.3,13249.3,19164.2,13241.6,19333.1,13291.3,19254.2,19974.6,19401.4,19974.6,19478.9,20542.7,15843.9,20542.7,16255.4,20542.7
,22535.9,13246.4,18769.3,13246.4,19173.1,13238.6,19315.4,13291.0,19274.2,19994.2,19423.2,19994.2,19497.1,20534.3,15844.3,20534.3,16258.1,20534.3
,22568.0,13252.9,18778.5,13252.9,19147.8,13253.6,19363.9,13291.3,19268.5,19999.6,19418.8,19999.6,19503.6,20550.9,15850.0,20550.9,16285.5,20550.9
,22573.6,13243.3,18804.9,13243.3,19159.6,13252.5,19371.6,13292.1,19293.7,19995.0,19458.4,19995.0,19514.6,20542.7,15871.1,20542.7,16297.8,20542.7
,22578.3,13253.4,18806.0,13253.4,19185.1,13253.7,19376.9,13292.7,19326.4,20006.5,19438.0,20006.5,19520.6,20574.8,15868.8,20574.8,16301.3,20574.8
,22612.4,13257.6,18816.3,13257.6,19211.0,13269.4,19387.4,13295.7,19330.5,20010.4,19443.6,20010.4,19501.1,20553.2,15906.5,20553.2,16306.4,20553.2
,22607.2,13268.1,18834.6,13268.1,19220.1,13268.1,19398.4,13303.0,19307.7,19989.2,19499.7,19989.2,19556.8,20549.1,15894.8,20549.1,16311.3,20549.1
,22598.5,13266.8,18848.8,13266.8,19227.4,13259.9,19405.3,13304.3,19346.4,20001.1,19447.5,20001.1,19557.7,20554.3,15921.5,20554.3,16313.0,20554.3
,22600.0,13275.9,18856.2,13275.9,19255.6,13259.7,19420.7,13298.7,19333.2,20014.4,19482.8,20014.4,19537.9,20562.3,15922.8,20562.3,16322.7,20562.3
,22631.4,13270.3,18876.9,13270.3,19262.2,13272.9,19418.6,13297.3,19385.5,20006.0,19497.9,20006.0,19560.5,20567.8,15926.8,20567.8,16334.7,20567.8
,22649.9,13271.0,18894.1,13271.0,19291.0,13267.0,19459.4,13297.1,19379.1,20044.0,19463.8,20044.0,19532.8,20565.0,15931.7,20565.0,16349.3,20565.0
,22679.3,13273.9,18887.2,13273.9,19276.8,13268.6,19442.4,13304.5,19365.3,20034.7,19479.5,20034.7,19570.9,20571.7,15962.6,20571.7,16356.1,20571.7
,22666.1,13273.2,18887.2,13273.2,19307.6,13275.6,19451.1,13304.2,19390.4,20025.3,19474.9,20025.3,19572.9,20576.3,15962.4,20576.3,16370.6,20576.3
,22671.4,13272.3,18894.9,13272.3,19312.0,13277.0,19453.5,13310.2,19392.5,20026.0,19509.3,20026.0,19583.8,20581.5,15963.1,20581.5,16365.0,20581.5
,22699.6,13275.4,18949.2,13275.4,19329.9,13284.9,19479.1,13304.1,19404.5,20041.4,19538.2,20041.4,19589.8,20570.1,15983.3,20570.1,16368.5,20570.1
,22708.2,13272.1,18963.1,13272.1,19328.7,13286.6,19496.9,13305.7,19409.1,20047.7,19541.3,20047.7,19593.9,20585.7,15975.3,20585.7,16371.3,20585.7
,22709.9,13272.4,18972.6,13272.4,19321.0,13288.7,19532.2,13309.5,19422.8,20058.0,19552.9,20058.0,19555.6,20587.1,15987.9,20587.1,16402.7,20587.1
,22721.1,13282.3,18966.5,13282.3,19330.7,13291.1,19493.1,13314.1,19414.5,20055.9,19560.9,20055.9,19602.2,20598.1,15996.3,20598.1,16388.3,20598.1
,22754.9,13278.5,18984.3,13278.5,19352.2,13294.2,19510.5,13320.5,19416.8,20047.9,19565.6,20047.9,19609.9,20577.1,15989.6,20577.1,16397.8,20577.1
,22740.0,13294.4,19003.8,13294.4,19374.4,13297.5,19500.4,13317.8,19412.2,20071.9,19565.6,20071.9,19619.0,20583.7,16005.9,20583.7,16407.4,20583.7
,22740.0,13283.8,19009.7,13283.8,19395.4,13293.3,19525.1,13317.4,19434.0,20065.2,19579.6,20065.2,19614.4,20601.5,16023.2,20601.5,16423.9,20601.5
,22773.3,13286.3,19026.8,13286.3,19414.6,13298.1,19546.0,13317.8,19441.1,20066.6,19598.9,20066.6,19615.9,20590.1,16009.9,20590.1,16443.6,20590.1
,22767.5,13296.8,19022.4,13296.8,19400.6,13308.6,19561.6,13319.6,19454.0,20041.6,19578.9,20041.6,19621.6,20602.3,16050.4,20602.3,16428.5,20602.3
,22788.0,13295.5,19046.6,13295.5,19430.0,13292.1,19574.2,13320.4,19440.5,20066.8,19603.2,20066.8,19640.9,20571.0,16053.9,20571.0,16430.2,20571.0
,22776.5,13295.9,19069.5,13295.9,19439.2,13305.5,19591.6,13320.4,19438.6,20064.2,19596.8,20064.2,19647.9,20581.7,16056.4,20581.7,16438.9,20581.7
,22824.9,13299.4,19081.4,13299.4,19456.3,13305.7,19599.2,13327.1,19480.8,20082.5,19614.5,20082.5,19667.1,20604.0,16062.5,20604.0,16463.4,20604.0
,22803.3,13297.7,19087.9,13297.7,19453.4,13318.8,19603.2,13331.2,19498.7,20081.0,19655.3,20081.0,19651.1,20585.8,16062.5,20585.8,16459.5,20585.8
,22823.9,13305.0,19092.0,13305.0,19453.9,13308.6,19575.3,13331.7,19469.7,20091.9,19653.9,20091.9,19658.8,20571.1,16063.2,20571.1,16453.7,20571.1
,22844.1,13310.1,19102.8,13310.1,19483.7,13313.0,19615.6,13332.2,19497.7,20080.8,19653.1,20080.8,19664.8,20580.0,16079.4,20580.0,16469.4,20580.0
,22826.2,13300.5,19109.7,13300.5,19482.9,13313.2,19651.6,13326.1,19480.4,20085.4,19668.5,20085.4,19683.4,20585.3,16076.2,20585.3,16460.2,20585.3
,22828.4,13307.4,19128.4,13307.4,19493.2,13316.3,19627.4,13342.4,19522.0,20100.1,19657.7,20100.1,19697.5,20583.6,16076.7,20583.6,16488.4,20583.6
,22564.4,13248.7,18833.8,13248.7,19160.0,13255.4,19290.8,13279.7,19251.5,19999.9,19387.9,19999.9,19418.8,20518.2,15940.8,20518.2,16356.3,20518.2
,22300.9,13202.5,18546.6,13202.5,18819.3,13210.0,18944.0,13233.8,18934.7,19933.2,19099.4,19933.2,19111.2,20452.6,15737.0,20452.6,16145.5,20452.6
,22149.9,13174.4,18356.0,13174.4,18638.4,13192.1,18788.6,13210.5,18842.8,19882.8,18968.5,19882.8,19032.2,20428.0,15668.4,20428.0,16054.8,20428.0
,22061.3,13162.2,18318.0,13162.2,18579.2,13176.5,18679.1,13205.3,18788.3,19864.7,18897.9,19864.7,18943.7,20399.0,15609.4,20399.0,15994.9,20399.0
,22002.9,13153.4,18275.0,13153.4,18510.6,13173.6,18648.5,13187.5,18706.7,19835.7,18823.9,19835.7,18874.6,20401.6,15573.1,20401.6,15978.2,20401.6
,21926.5,13145.8,18220.7,13145.8,18464.7,13160.5,18596.0,13182.0,18706.7,19848.4,18796.9,19848.4,18879.7,20389.2,15545.3,20389.2,15937.7,20389.2
,21931.9,13131.0,18174.8,13131.0,18439.3,13159.2,18553.7,13179.4,18661.6,19823.0,18789.6,19823.0,18818.8,20392.4,15511.4,20392.4,15915.0,20392.4
,21900.7,13143.9,18152.4,13143.9,18388.8,13157.6,18507.8,13178.9,18632.9,19817.3,18742.5,19817.3,18830.1,20381.8,15483.9,20381.8,15916.0,20381.8
,21895.3,13132.9,18126.0,13132.9,18358.9,13145.5,18530.0,13184.5,18583.3,19814.2,18708.9,19814.2,18780.6,20354.7,15467.2,20354.7,15885.1,20354.7
,21857.8,13132.5,18111.1,13132.5,18346.1,13141.2,18494.0,13171.8,18564.9,19807.6,18681.3,19807.6,18766.7,20358.5,15448.8,20358.5,15880.3,20358.5
,21842.7,13131.5,18109.0,13131.5,18312.9,13146.7,18464.2,13170.2,18536.6,19802.0,18670.7,19802.0,18766.8,20344.7,15451.2,20344.7,15860.3,20344.7
,21816.3,13124.2,18077.6,13124.2,18253.3,13146.7,18443.4,13157.5,18552.9,19810.0,18666.0,19810.0,18753.1,20347.8,15430.5,20347.8,15859.7,20347.8
,21792.3,13121.4,18070.4,13121.4,18264.5,13144.9,18400.8,13159.8,18538.5,19790.9,18653.2,19790.9,18734.6,20344.0,15426.1,20344.0,15869.2,20344.0
,21773.0,13108.5,18048.9,13108.5,18256.5,13124.9,18397.9,13162.0,18505.8,19804.0,18630.3,19804.0,18709.8,20339.7,15405.7,20339.7,15832.4,20339.7
,21748.2,13109.8,18028.5,13109.8,18243.3,13133.6,18368.6,13144.5,18523.5,19760.3,18623.6,19760.3,18709.8,20324.9,15394.9,20324.9,15832.9,20324.9
,21729.9,13114.5,17996.9,13114.5,18226.1,13127.2,18343.9,13142.1,18505.6,19778.1,18630.3,19778.1,18669.7,20310.8,15389.4,20310.8,15805.1,20310.8
,21739.0,13097.0,18012.3,13097.0,18202.5,13118.1,18350.2,13140.7,18482.0,19773.4,18613.7,19773.4,18675.3,20309.9,15387.8,20309.9,15812.2,20309.9
,21724.1,13100.8,17989.1,13100.8,18217.0,13114.3,18336.1,13143.8,18456.4,19769.7,18592.8,19769.7,18662.2,20307.1,15373.3,20307.1,15806.3,20307.1
,21708.1,13100.7,17978.4,13100.7,18192.5,13122.3,18326.2,13133.8,18477.6,19762.2,18568.6,19762.2,18619.2,20333.1,15379.8,20333.1,15800.1,20333.1
,21701.0,13114.3,17983.9,13114.3,18178.8,13119.7,18321.7,13135.5,18462.1,19774.1,18569.7,19774.1,18616.5,20332.4,15385.6,20332.4,15790.5,20332.4
,21670.2,13109.0,17983.8,13109.0,18193.0,13118.3,18320.0,13128.1,18450.3,19768.4,18577.3,19768.4,18612.6,20313.2,15363.3,20313.2,15798.2,20313.2
,21689.8,13104.4,17973.0,13104.4,18165.6,13107.7,18325.3,13140.3,18448.1,19756.0,18566.6,19756.0,18602.4,20327.1,15375.1,20327.1,15781.5,20327.1
,21662.1,13096.7,17972.7,13096.7,18132.5,13108.7,18287.0,13141.5,18444.0,19760.7,18563.0,19760.7,18606.5,20313.8,15360.1,20313.8,15778.5,20313.8
,21656.0,13094.6,17978.3,13094.6,18120.7,13114.8,18289.8,13137.3,18436.5,19753.5,18582.3,19753.5,18575.7,20313.9,15360.4,20313.9,15762.8,20313.9
,21637.3,13089.1,17950.6,13089.1,18145.5,13113.7,18268.6,13135.3,18434.1,19749.6,18544.3,19749.6,18592.5,20286.1,15351.0,20286.1,15769.9,20286.1
,21633.6,13089.2,17965.4,13089.2,18133.5,13112.0,18255.3,13137.4,18425.8,19737.2,18539.6,19737.2,18548.0,20308.8,15333.9,20308.8,15763.3,20308.8
,21619.7,13089.8,17940.9,13089.8,18118.2,13097.8,18263.0,13132.1,18405.8,19737.4,18528.1,19737.4,18552.7,20314.9,15333.6,20314.9,15762.5,20314.9
,21621.2,13083.5,17923.0,13083.5,18099.2,13111.4,18268.3,13132.2,18412.2,19732.2,18514.9,19732.2,18544.9,20302.2,15319.5,20302.2,15740.9,20302.2
,21604.5,13094.4,17922.5,13094.4,18100.6,13109.2,18253.3,13133.3,18394.5,19746.7,18538.5,19746.7,18521.3,20287.7,15321.5,20287.7,15751.5,20287.7
,21613.7,13092.7,17920.5,13092.7,18099.0,13107.3,18235.4,13122.6,18371.6,19758.8,18509.1,19758.8,18524.2,20301.9,15303.7,20301.9,15734.3,20301.9
,21581.6,13080.1,17901.1,13080.1,18093.1,13108.1,18233.3,13125.2,18393.1,19731.6,18521.4,19731.6,18539.1,20300.1,15311.8,20300.1,15730.9,20300.1
,21596.3,13086.5,17893.2,13086.5,18090.3,13100.8,18226.6,13121.9,18369.3,19728.7,18501.3,19728.7,18523.4,20313.2,15304.4,20313.2,15731.4,20313.2
,21595.2,13071.5,17899.0,13071.5,18094.3,13106.8,18221.0,13121.6,18387.7,19731.4,18491.4,19731.4,18500.2,20278.3,15308.6,20278.3,15724.4,20278.3
,21595.0,13085.1,17900.1,13085.1,18070.7,13099.8,18216.5,13118.0,18394.2,19710.8,18476.1,19710.8,18507.5,20312.3,15282.8,20312.3,15720.9,20312.3
,21577.6,13087.9,17905.1,13087.9,18080.6,13090.7,18193.3,13107.6,18405.3,19719.6,18481.3,19719.6,18499.0,20294.2,15294.2,20294.2,15720.9,20294.2
,21588.5,13082.0,17894.7,13082.0,18053.6,13095.8,18203.7,13108.8,18387.4,19717.2,18486.7,19717.2,18507.6,20298.4,15286.5,20298.4,15716.2,20298.4
,21573.5,13073.6,17881.6,13073.6,18039.3,13099.9,18208.4,13107.0,18357.5,19695.9,18490.4,19695.9,18504.9,20294.4,15275.4,20294.4,15702.4,20294.4
,21571.0,13088.0,17873.8,13088.0,18046.1,13094.5,18202.6,13106.4,18365.7,19712.2,18472.9,19712.2,18479.7,20282.3,15259.6,20282.3,15707.5,20282.3
,21540.7,13081.7,17887.8,13081.7,18058.8,13098.2,18203.1,13109.6,18359.4,19704.1,18464.8,19704.1,18495.5,20294.9,15268.6,20294.9,15714.1,20294.9
,21558.1,13068.3,17877.9,13068.3,18029.1,13102.5,18191.8,13116.3,18367.3,19688.0,18467.4,19688.0,18481.4,20292.9,15278.4,20292.9,15715.2,20292.9
,21541.1,13074.1,17880.9,13074.1,18022.9,13093.9,18154.5,13106.1,18354.0,19694.1,18443.8,19694.1,18470.4,20288.0,15266.0,20288.0,15702.0,20288.0
,21558.4,13066.3,17867.3,13066.3,18013.6,13093.5,18168.0,13095.7,18337.2,19706.2,18448.2,19706.2,18464.8,20280.2,15272.0,20280.2,15697.9,20280.2
,21565.0,13070.8,17872.4,13070.8,18033.7,13088.3,18178.9,13103.4,18351.2,19692.0,18454.2,19692.0,18461.5,20289.8,15268.9,20289.8,15701.0,20289.8
,21545.7,13067.1,17851.4,13067.1,18033.7,13089.2,18169.1,13115.4,18356.1,19711.3,18459.5,19711.3,18475.6,20283.6,15251.4,20283.6,15700.1,20283.6
,21539.9,13066.2,17841.3,13066.2,18049.2,13095.4,18162.2,13114.7,18337.8,19684.6,18441.3,19684.6,18471.5,20270.0,15245.0,20270.0,15702.3,20270.0
,21551.7,13054.8,17848.7,13054.8,18033.7,13099.3,18153.6,13108.5,18328.2,19689.0,18425.3,19689.0,18463.3,20264.8,15251.2,20264.8,15706.8,20264.8
,21563.9,13055.0,17838.7,13055.0,18017.0,13096.5,18147.5,13105.8,18325.0,19689.4,18426.5,19689.4,18443.4,20259.2,15252.1,20259.2,15690.0,20259.2
,21535.0,13064.0,17845.2,13064.0,18002.8,13098.2,18139.8,13096.8,18295.2,19689.2,18431.0,19689.2,18447.3,20289.2,15250.9,20289.2,15682.5,20289.2
,21534.3,13057.8,17849.3,13057.8,18016.7,13091.4,18135.7,13100.6,18312.7,19691.4,18438.7,19691.4,18454.5,20278.8,15248.4,20278.8,15682.7,20278.8
,21533.9,13060.6,17832.1,13060.6,18027.8,13095.7,18134.1,13100.6,18307.0,19683.3,18427.8,19683.3,18437.7,20262.2,15237.3,20262.2,15662.1,20262.2
,21536.1,13056.8,17840.5,13056.8,17996.9,13099.1,18104.5,13097.4,18320.5,19679.7,18439.8,19679.7,18426.5,20287.1,15240.5,20287.1,15675.4,20287.1
,21526.1,13055.0,17838.7,13055.0,17998.7,13098.4,18114.9,13099.4,18299.4,19678.5,18409.3,19678.5,18436.6,20289.6,15238.0,20289.6,15674.0,20289.6
,21510.7,13055.2,17834.6,13055.2,17998.2,13096.5,18126.0,13110.4,18309.8,19693.4,18419.5,19693.4,18430.1,20272.4,15238.0,20272.4,15674.3,20272.4
,21543.5,13057.9,17821.8,13057.9,18005.4,13093.8,18115.7,13104.5,18299.5,19694.0,18426.3,19694.0,18415.1,20276.0,15237.6,20276.0,15660.2,20276.0
,21529.4,13058.4,17834.1,13058.4,18001.6,13096.2,18100.4,13105.5,18298.7,19691.4,18419.9,19691.4,18427.0,20285.7,15245.8,20285.7,15652.2,20285.7
,21520.6,13058.4,17808.4,13058.4,17995.4,13103.7,18135.0,13100.2,18294.1,19679.1,18408.8,19679.1,18407.9,20276.7,15235.4,20276.7,15662.3,20276.7
,21498.8,13042.4,17816.2,13042.4,17993.0,13092.8,18115.8,13099.2,18299.7,19685.3,18430.5,19685.3,18417.8,20265.4,15239.4,20265.4,15657.1,20265.4
,21498.4,13038.6,17823.0,13038.6,18009.9,13100.3,18111.4,13100.8,18286.0,19693.7,18405.9,19693.7,18396.3,20279.0,15219.0,20279.0,15656.9,20279.0
,21511.3,13051.4,17832.6,13051.4,17987.7,13100.6,18099.3,13096.9,18309.6,19713.1,18398.0,19713.1,18399.9,20264.2,15218.0,20264.2,15644.5,20264.2
,21508.6,13041.5,17817.3,13041.5,17981.4,13091.6,18105.6,13101.5,18285.6,19698.5,18381.0,19698.5,18408.2,20271.3,15218.2,20271.3,15647.0,20271.3
